location_name,date,temp_c,rainfall_mm,humidity_pct
Delhi,2019-01,12.92258065,26.8,70.32258065
Delhi,2019-02,15.06785714,48.8,75.28571429
Delhi,2019-03,20.3,13.6,57.29032258
Delhi,2019-04,29.11333333,5.5,39.96666667
Delhi,2019-05,32.13548387,3.5,31.4516129
Delhi,2019-06,34.64666667,10.7,40.33333333
Delhi,2019-07,30.61612903,184.9,71.5483871
Delhi,2019-08,28.85806452,199.1,83
Delhi,2019-09,28.32333333,82.4,80.7
Delhi,2019-10,25.8,14.8,61.74193548
Delhi,2019-11,20.96,25.4,66.7
Delhi,2019-12,12.50322581,9.8,79.87096774
Delhi,2020-01,12.63225806,65.9,79.93548387
Delhi,2020-02,15.96206897,28.1,69.65517241
Delhi,2020-03,19.80645161,65.2,70.38709677
Delhi,2020-04,26.95666667,5.5,46.53333333
Delhi,2020-05,31.09354839,34,42.41935484
Delhi,2020-06,32.31,10.9,57.03333333
Delhi,2020-07,30.79677419,113.9,72.12903226
Delhi,2020-08,29.01935484,209,81.90322581
Delhi,2020-09,29.67666667,38.4,69.33333333
Delhi,2020-10,25.94516129,0,48.48387097
Delhi,2020-11,19.12,13.1,55.16666667
Delhi,2020-12,14.70645161,1.3,68.25806452
Delhi,2021-01,13.06451613,26.7,78.96774194
Delhi,2021-02,18.08928571,11.1,68.42857143
Delhi,2021-03,24.53870968,1.5,45.67741935
Delhi,2021-04,28.84,2.6,26.2
Delhi,2021-05,29.71290323,147.3,48.48387097
Delhi,2021-06,31.93,23.5,57.06666667
Delhi,2021-07,31.08064516,282.1,70.16129032
Delhi,2021-08,29.21612903,125,77.48387097
Delhi,2021-09,27.52333333,147.1,84.36666667
Delhi,2021-10,25.30645161,33.8,67.16129032
Delhi,2021-11,19.54666667,0,61.26666667
Delhi,2021-12,14.4516129,15.5,70.51612903
Delhi,2022-01,12.13870968,60.9,81.25806452
Delhi,2022-02,15.67857143,23.3,70.35714286
Delhi,2022-03,24.61935484,1.6,50.77419355
Delhi,2022-04,32.08666667,0,19.06666667
Delhi,2022-05,32.93870968,27.6,40.06451613
Delhi,2022-06,33.4,47.8,42.4
Delhi,2022-07,29.62258065,222.5,77.41935484
Delhi,2022-08,29.11290323,80.3,75.12903226
Delhi,2022-09,28.65333333,168.9,72.13333333
Delhi,2022-10,24.17096774,90.9,69.87096774
Delhi,2022-11,19.82333333,7.6,64.2
Delhi,2022-12,14.67096774,0,72.58064516
Chandigarh,2019-01,12.29032258,78.9,68.51612903
Chandigarh,2019-02,14.075,184.4,73.5
Chandigarh,2019-03,18.48064516,17.4,61.5483871
Chandigarh,2019-04,26.93333333,32.2,42.56666667
Chandigarh,2019-05,30.65483871,0.7,30.16129032
Chandigarh,2019-06,33.07666667,3.8,37.26666667
Chandigarh,2019-07,28.79032258,350,77.03225806
Chandigarh,2019-08,28.01935484,253.1,83.25806452
Chandigarh,2019-09,27.00666667,107.6,81.53333333
Chandigarh,2019-10,23.11612903,3.8,71.19354839
Chandigarh,2019-11,18.91333333,29.9,67.16666667
Chandigarh,2019-12,12.01612903,45.6,79.19354839
Chandigarh,2020-01,11.74516129,99,77.77419355
Chandigarh,2020-02,15.3,19.4,69.93103448
Chandigarh,2020-03,18.6483871,118.3,65.12903226
Chandigarh,2020-04,25.35666667,14.4,44.2
Chandigarh,2020-05,29.68709677,16.9,39.77419355
Chandigarh,2020-06,31.05666667,13.3,55.16666667
Chandigarh,2020-07,29.20967742,119,74.48387097
Chandigarh,2020-08,28.39354839,158.2,80.48387097
Chandigarh,2020-09,28.69333333,16.2,66.96666667
Chandigarh,2020-10,25.43225806,0,43.48387097
Chandigarh,2020-11,18.59,19.3,54.73333333
Chandigarh,2020-12,13.77419355,15.9,68.87096774
Chandigarh,2021-01,12.68709677,19.4,78.51612903
Chandigarh,2021-02,16.95,8.7,63.25
Chandigarh,2021-03,22.74193548,1,42.58064516
Chandigarh,2021-04,25.96666667,45.4,33.23333333
Chandigarh,2021-05,28.66451613,25.5,45
Chandigarh,2021-06,30.36,43.1,57
Chandigarh,2021-07,29.70645161,320.6,71.5483871
Chandigarh,2021-08,28.17096774,91.1,79.87096774
Chandigarh,2021-09,27.65666667,48.8,75.73333333
Chandigarh,2021-10,24.43870968,64.5,63.61290323
Chandigarh,2021-11,18.41,0,56.36666667
Chandigarh,2021-12,13.43870968,2.6,67.48387097
Chandigarh,2022-01,11.94516129,121.5,79.70967742
Chandigarh,2022-02,14.14642857,37.4,66.53571429
Chandigarh,2022-03,23.48064516,0.9,49.35483871
Chandigarh,2022-04,30.17,0.2,24.2
Chandigarh,2022-05,30.94516129,21.6,39.41935484
Chandigarh,2022-06,31.78666667,140.8,42.96666667
Chandigarh,2022-07,28.42258065,219.9,79.67741935
Chandigarh,2022-08,28.07096774,102.9,80.03225806
Chandigarh,2022-09,26.94666667,201.9,76.13333333
Chandigarh,2022-10,23.13870968,49.1,67.22580645
Chandigarh,2022-11,18.87,2.5,60.43333333
Chandigarh,2022-12,14.37096774,0.5,65
Lucknow,2019-01,14.45483871,13.2,70.87096774
Lucknow,2019-02,17.06785714,55,72.82142857
Lucknow,2019-03,22.55483871,2.1,49.32258065
Lucknow,2019-04,29.86666667,3.9,40.13333333
Lucknow,2019-05,33.70645161,0.3,30.38709677
Lucknow,2019-06,33.65,41.8,52.96666667
Lucknow,2019-07,29.74193548,440.3,79.25806452
Lucknow,2019-08,28.91612903,268.3,84.4516129
Lucknow,2019-09,27.28,410.6,87.6
Lucknow,2019-10,25.25806452,11.1,75.93548387
Lucknow,2019-11,21.78333333,0.6,71.56666667
Lucknow,2019-12,13.87741935,37.5,80.61290323
Lucknow,2020-01,13.93870968,91.2,82.93548387
Lucknow,2020-02,16.67931034,15.2,72.34482759
Lucknow,2020-03,22.00967742,64.7,65.77419355
Lucknow,2020-04,28.01666667,16.9,46.6
Lucknow,2020-05,29.84516129,64.9,56.35483871
Lucknow,2020-06,29.37333333,218.3,74.86666667
Lucknow,2020-07,29.1483871,298.5,83.77419355
Lucknow,2020-08,28.89677419,438.8,83.90322581
Lucknow,2020-09,28.88333333,79.5,81.56666667
Lucknow,2020-10,27.12903226,0.7,60
Lucknow,2020-11,20.14666667,7.1,61.03333333
Lucknow,2020-12,15.68709677,0.3,71.74193548
Lucknow,2021-01,14.54516129,0.6,77.4516129
Lucknow,2021-02,18.99642857,3.5,66.57142857
Lucknow,2021-03,25.49354839,0.5,44.25806452
Lucknow,2021-04,30.09666667,0,25.03333333
Lucknow,2021-05,29.23548387,52.1,59.5483871
Lucknow,2021-06,29.37,144,75.33333333
Lucknow,2021-07,30.00967742,215.1,78.58064516
Lucknow,2021-08,28.57741935,176.2,83.4516129
Lucknow,2021-09,28.00333333,313.5,84.86666667
Lucknow,2021-10,25.73548387,72.9,76.16129032
Lucknow,2021-11,20.01,1.3,70.1
Lucknow,2021-12,15.92580645,15.2,72.5483871
Lucknow,2022-01,13.19677419,29,83.16129032
Lucknow,2022-02,16.53214286,19.3,70.42857143
Lucknow,2022-03,25.63870968,0,47.25806452
Lucknow,2022-04,32.29333333,0.8,26.1
Lucknow,2022-05,31.55483871,26.8,54.03225806
Lucknow,2022-06,33.59333333,95.1,50.16666667
Lucknow,2022-07,30.54193548,238.4,73.38709677
Lucknow,2022-08,28.88064516,173.5,80.58064516
Lucknow,2022-09,27.67333333,362.1,83.93333333
Lucknow,2022-10,24.65806452,178.2,78.19354839
Lucknow,2022-11,20.57,0.4,69.06666667
Lucknow,2022-12,15.93548387,1.4,70.74193548
Dehradun,2019-01,11.51612903,50.8,67.22580645
Dehradun,2019-02,13.11785714,128.6,71.96428571
Dehradun,2019-03,17.13225806,18.6,62.93548387
Dehradun,2019-04,24.48,27.2,49.56666667
Dehradun,2019-05,27.71935484,7,36.4516129
Dehradun,2019-06,29.75333333,7,47.76666667
Dehradun,2019-07,26.23225806,402.5,84.61290323
Dehradun,2019-08,26.08387097,324.3,86.09677419
Dehradun,2019-09,24.71666667,176.2,86.5
Dehradun,2019-10,21.41612903,6.4,76.06451613
Dehradun,2019-11,17.74666667,7.4,67
Dehradun,2019-12,11.74516129,28.4,74.5483871
Dehradun,2020-01,10.68387097,116.7,77.4516129
Dehradun,2020-02,13.4,20.2,74.93103448
Dehradun,2020-03,16.76451613,106,69.48387097
Dehradun,2020-04,22.20666667,35.1,55.33333333
Dehradun,2020-05,25.53225806,44.6,54.58064516
Dehradun,2020-06,27.12333333,56.5,70.83333333
Dehradun,2020-07,26.11935484,396.1,85.09677419
Dehradun,2020-08,26.03548387,343.2,87.09677419
Dehradun,2020-09,25.73666667,40.1,80.2
Dehradun,2020-10,21.97419355,0,64.64516129
Dehradun,2020-11,16.15666667,6,69.53333333
Dehradun,2020-12,12.82258065,8.2,69.29032258
Dehradun,2021-01,11.89677419,10.1,75.4516129
Dehradun,2021-02,15.49285714,5.5,65.92857143
Dehradun,2021-03,19.90322581,2.8,52.51612903
Dehradun,2021-04,22.94666667,18.1,40.16666667
Dehradun,2021-05,24.69677419,92.9,62.03225806
Dehradun,2021-06,26.56666667,187.4,72.6
Dehradun,2021-07,26.72903226,223.6,81.35483871
Dehradun,2021-08,25.72903226,242.2,86.77419355
Dehradun,2021-09,25.23,101.1,83.16666667
Dehradun,2021-10,21.69354839,87.3,75.74193548
Dehradun,2021-11,15.88333333,0,71.6
Dehradun,2021-12,12.01290323,4.3,71.19354839
Dehradun,2022-01,10.68387097,92,80.87096774
Dehradun,2022-02,11.85357143,63,74.17857143
Dehradun,2022-03,20.53548387,1.2,60.06451613
Dehradun,2022-04,25.41666667,0.1,39.06666667
Dehradun,2022-05,26.39354839,45,57.16129032
Dehradun,2022-06,28.86,128.4,50.23333333
Dehradun,2022-07,26.27419355,345.2,83.32258065
Dehradun,2022-08,25.91935484,274.8,84.16129032
Dehradun,2022-09,24.57333333,158,82.76666667
Dehradun,2022-10,20.57419355,51.2,77.61290323
Dehradun,2022-11,16.72,1.9,72.5
Dehradun,2022-12,12.93548387,1.4,69.93548387
Shimla,2019-01,0.6322580645,121.2,68.22580645
Shimla,2019-02,2.460714286,190.5,71.03571429
Shimla,2019-03,6.190322581,86.8,67.90322581
Shimla,2019-04,13.50333333,46.2,55.9
Shimla,2019-05,16.03225806,49.5,47.35483871
Shimla,2019-06,19.49333333,64.3,48.33333333
Shimla,2019-07,17.3483871,407.4,88.58064516
Shimla,2019-08,17.14193548,316.2,90.32258065
Shimla,2019-09,15.60666667,192.1,90.36666667
Shimla,2019-10,11.07419355,25.4,77.22580645
Shimla,2019-11,7.943333333,51.2,70.1
Shimla,2019-12,2.674193548,50.4,65.77419355
Shimla,2020-01,0.8064516129,148.7,73.96774194
Shimla,2020-02,4.237931034,27.6,67.5862069
Shimla,2020-03,6.474193548,143.8,73.19354839
Shimla,2020-04,11.11333333,73.7,64.63333333
Shimla,2020-05,15.51290323,54.2,56.64516129
Shimla,2020-06,16.98666667,63.7,75.06666667
Shimla,2020-07,17.41290323,191,87.83870968
Shimla,2020-08,17.47419355,329.8,90.61290323
Shimla,2020-09,15.82,41.5,82.43333333
Shimla,2020-10,12.61935484,5.4,62.09677419
Shimla,2020-11,6.923333333,47.9,65.43333333
Shimla,2020-12,4.083870968,22.1,57.96774194
Shimla,2021-01,3.664516129,41.3,61.19354839
Shimla,2021-02,5.567857143,36.4,63.53571429
Shimla,2021-03,9.761290323,57.8,52.29032258
Shimla,2021-04,11.89666667,135.9,47.3
Shimla,2021-05,14.64193548,81.5,64.03225806
Shimla,2021-06,16.99333333,113.4,74.3
Shimla,2021-07,17.69032258,408.3,86.87096774
Shimla,2021-08,16.81290323,200.9,89.48387097
Shimla,2021-09,15.76333333,177.3,89.06666667
Shimla,2021-10,12.13548387,93,73.12903226
Shimla,2021-11,6.69,0.3,64.73333333
Shimla,2021-12,2.561290323,27.7,70.5483871
Shimla,2022-01,1.006451613,186,73.67741935
Shimla,2022-02,2.321428571,87.9,68.78571429
Shimla,2022-03,11.20967742,10.2,54.29032258
Shimla,2022-04,16.16666667,9.5,36.63333333
Shimla,2022-05,17.11290323,63.3,52.70967742
Shimla,2022-06,18.97333333,86.5,54.33333333
Shimla,2022-07,17.41612903,245.7,88.29032258
Shimla,2022-08,16.97419355,167.6,87.87096774
Shimla,2022-09,15.05,181.2,87
Shimla,2022-10,11.11935484,43.4,74.70967742
Shimla,2022-11,7.263333333,31.4,66.13333333
Shimla,2022-12,4.432258065,9.8,60.74193548
Srinagar,2019-01,-4.841935484,172.3,82.61290323
Srinagar,2019-02,-1.253571429,167.9,85.03571429
Srinagar,2019-03,1.780645161,121.5,79.09677419
Srinagar,2019-04,11.7,137,70.8
Srinagar,2019-05,14.67096774,163.1,74.16129032
Srinagar,2019-06,17.61333333,107.4,75.5
Srinagar,2019-07,22.96774194,134.5,72.5483871
Srinagar,2019-08,22.01290323,125.2,76.90322581
Srinagar,2019-09,21.40666667,19.3,59.9
Srinagar,2019-10,12.91935484,62.8,68.83870968
Srinagar,2019-11,5.413333333,234.6,80.53333333
Srinagar,2019-12,-2.622580645,71.1,67.16129032
Srinagar,2020-01,-3.590322581,152.1,81
Srinagar,2020-02,-0.2206896552,31.4,66.72413793
Srinagar,2020-03,4.280645161,157.2,74.70967742
Srinagar,2020-04,11.81,103.8,70.23333333
Srinagar,2020-05,15.7,109.3,73
Srinagar,2020-06,20.67666667,30,62.9
Srinagar,2020-07,24.14193548,24.8,54.41935484
Srinagar,2020-08,24.10322581,191.5,64.16129032
Srinagar,2020-09,19.31333333,27.5,60.33333333
Srinagar,2020-10,15.11290323,0.5,41.83870968
Srinagar,2020-11,5.233333333,85,67.16666667
Srinagar,2020-12,-2.04516129,85.4,73.74193548
Srinagar,2021-01,-2.367741935,61.8,64.74193548
Srinagar,2021-02,2.871428571,49.2,64.85714286
Srinagar,2021-03,7.041935484,185.8,74.70967742
Srinagar,2021-04,10.36,178.8,69.06666667
Srinagar,2021-05,15.48709677,78.4,72.19354839
Srinagar,2021-06,20.55333333,31.1,63.33333333
Srinagar,2021-07,23.14516129,127.5,69.35483871
Srinagar,2021-08,22.37741935,51,65.74193548
Srinagar,2021-09,21.12,98.9,65.66666667
Srinagar,2021-10,13.00967742,133.8,63.77419355
Srinagar,2021-11,5.32,17,64.4
Srinagar,2021-12,0.4064516129,60.9,60.87096774
Srinagar,2022-01,-2.170967742,164.2,81.38709677
Srinagar,2022-02,-0.5,121.4,77.67857143
Srinagar,2022-03,7.490322581,45.9,63.77419355
Srinagar,2022-04,14.23666667,68,61.3
Srinagar,2022-05,16.96129032,57.4,67.4516129
Srinagar,2022-06,19.38666667,90.7,66.26666667
Srinagar,2022-07,22.28387097,208.7,79.16129032
Srinagar,2022-08,21.29354839,107.5,77.5483871
Srinagar,2022-09,19.78333333,50.3,65.4
Srinagar,2022-10,12.75806452,37.4,58.83870968
Srinagar,2022-11,4.113333333,103.7,68.43333333
Srinagar,2022-12,0.7225806452,95.5,58.41935484
Leh,2019-01,-9.396774194,27.4,40
Leh,2019-02,-8.178571429,63.5,40.82142857
Leh,2019-03,-4.138709677,18.2,37.38709677
Leh,2019-04,4.193333333,21.6,43.1
Leh,2019-05,5.558064516,61.5,49.61290323
Leh,2019-06,8.78,73.6,52.4
Leh,2019-07,16.64516129,20.2,36.87096774
Leh,2019-08,15.8516129,49,47.4516129
Leh,2019-09,15.28333333,5.6,23.6
Leh,2019-10,4.977419355,17.3,36.77419355
Leh,2019-11,-2.453333333,48.9,43.16666667
Leh,2019-12,-7.45483871,9.9,25.22580645
Leh,2020-01,-9.522580645,40.5,36.90322581
Leh,2020-02,-6.062068966,6.4,30.17241379
Leh,2020-03,-2,27.7,40.61290323
Leh,2020-04,1.516666667,19.8,44.23333333
Leh,2020-05,7.835483871,52,42.25806452
Leh,2020-06,11.86,33.1,45.5
Leh,2020-07,17.20645161,12.5,33.22580645
Leh,2020-08,18.93225806,18.1,33.32258065
Leh,2020-09,14.62333333,3.3,23.03333333
Leh,2020-10,7.990322581,2.4,16.58064516
Leh,2020-11,-0.5666666667,9.7,28.53333333
Leh,2020-12,-7.5,18.4,34.12903226
Leh,2021-01,-6.74516129,21.4,27.80645161
Leh,2021-02,-4.217857143,10.1,38.67857143
Leh,2021-03,-1.396774194,17.8,39.22580645
Leh,2021-04,-0.97,46.5,45.23333333
Leh,2021-05,5.809677419,54.5,50.87096774
Leh,2021-06,10.13666667,81.5,52.6
Leh,2021-07,17.10322581,28.9,42.74193548
Leh,2021-08,16.70967742,7.9,36.06451613
Leh,2021-09,14.15666667,26,37.86666667
Leh,2021-10,5.680645161,29.6,29.16129032
Leh,2021-11,-1.873333333,0.9,26.5
Leh,2021-12,-6.829032258,11.8,33.41935484
Leh,2022-01,-8.148387097,33.2,40.80645161
Leh,2022-02,-7.557142857,15.1,38.39285714
Leh,2022-03,0.2419354839,4.2,33.51612903
Leh,2022-04,6.276666667,6.9,35.63333333
Leh,2022-05,9.922580645,23.2,42.12903226
Leh,2022-06,12.5,48.4,45.53333333
Leh,2022-07,18.26129032,43.5,45.32258065
Leh,2022-08,17.06129032,26.2,45.32258065
Leh,2022-09,12.91,46,39.8
Leh,2022-10,4.296774194,14.7,36.61290323
Leh,2022-11,-1.093333333,9.9,30.33333333
Leh,2022-12,-3.561290323,6,24.32258065
Gurugram,2019-01,12.35806452,34.3,72.61290323
Gurugram,2019-02,14.93928571,30.8,74.60714286
Gurugram,2019-03,19.92903226,10.3,58.22580645
Gurugram,2019-04,28.79,9.5,40
Gurugram,2019-05,31.5516129,4.6,33.32258065
Gurugram,2019-06,34.35333333,0.8,41.13333333
Gurugram,2019-07,30.65483871,128.9,70.4516129
Gurugram,2019-08,28.81935484,169.4,82.06451613
Gurugram,2019-09,28.50666667,74.8,79.3
Gurugram,2019-10,25.73870968,7.3,60.61290323
Gurugram,2019-11,20.70333333,26.6,68
Gurugram,2019-12,11.96774194,8.2,80.90322581
Gurugram,2020-01,12.28709677,48.4,80.38709677
Gurugram,2020-02,15.65517241,16.8,69.93103448
Gurugram,2020-03,19.73548387,48.2,69.4516129
Gurugram,2020-04,26.83666667,8.7,45.9
Gurugram,2020-05,31.14193548,53.6,41.19354839
Gurugram,2020-06,32.24333333,7,56.53333333
Gurugram,2020-07,30.8516129,125.7,71.22580645
Gurugram,2020-08,29.14516129,168.7,80.41935484
Gurugram,2020-09,29.81666667,41,67.16666667
Gurugram,2020-10,25.53548387,0,47.77419355
Gurugram,2020-11,18.64333333,9.3,57.13333333
Gurugram,2020-12,14.13870968,0.4,70.51612903
Gurugram,2021-01,12.69677419,33.5,80.19354839
Gurugram,2021-02,17.525,7.8,70.25
Gurugram,2021-03,23.33548387,2.9,51.16129032
Gurugram,2021-04,27.72,2.3,29.63333333
Gurugram,2021-05,29.61290323,140,48.25806452
Gurugram,2021-06,31.99333333,17.2,55.46666667
Gurugram,2021-07,30.98709677,243.2,69.93548387
Gurugram,2021-08,29.21290323,142.5,76.48387097
Gurugram,2021-09,27.49666667,132.1,84.16666667
Gurugram,2021-10,25.11290323,25.4,66.4516129
Gurugram,2021-11,19.25333333,0.4,62.3
Gurugram,2021-12,13.97419355,12.4,72.4516129
Gurugram,2022-01,11.62258065,71.3,82.77419355
Gurugram,2022-02,15.46071429,12.7,70.57142857
Gurugram,2022-03,23.7516129,7.2,54.19354839
Gurugram,2022-04,31.21333333,0,20.76666667
Gurugram,2022-05,32.85806452,24.3,38.90322581
Gurugram,2022-06,32.93666667,53.2,43.7
Gurugram,2022-07,29.61290323,174.9,76.74193548
Gurugram,2022-08,29.06451613,64.1,74.51612903
Gurugram,2022-09,28.64666667,201.6,71.06666667
Gurugram,2022-10,23.90967742,79.6,70.16129032
Gurugram,2022-11,19.38,9.9,65.73333333
Gurugram,2022-12,13.95483871,0.4,75.09677419
Ludhiana,2019-01,10.69032258,56.2,79.5483871
Ludhiana,2019-02,13.17142857,102.3,82.42857143
Ludhiana,2019-03,17.39677419,21.8,70.96774194
Ludhiana,2019-04,25.58,45.1,54.86666667
Ludhiana,2019-05,29.13548387,17.7,40.58064516
Ludhiana,2019-06,32.61333333,11.8,44.03333333
Ludhiana,2019-07,29.4483871,235.7,78.32258065
Ludhiana,2019-08,28.49032258,330.9,85.61290323
Ludhiana,2019-09,28.27333333,88.4,79.96666667
Ludhiana,2019-10,23.97096774,6.8,71.64516129
Ludhiana,2019-11,18.5,29.7,75.4
Ludhiana,2019-12,10.9483871,49.8,85.61290323
Ludhiana,2020-01,10.5516129,76.5,85.29032258
Ludhiana,2020-02,14.18275862,36,78.24137931
Ludhiana,2020-03,17.69032258,150.6,77.93548387
Ludhiana,2020-04,24.44666667,41.2,56.76666667
Ludhiana,2020-05,29.01612903,33.6,47.51612903
Ludhiana,2020-06,30.98666667,15,61
Ludhiana,2020-07,29.69677419,131.7,77.32258065
Ludhiana,2020-08,28.96451613,154.1,83.38709677
Ludhiana,2020-09,28.83666667,32.7,73.23333333
Ludhiana,2020-10,24.84193548,0,47.48387097
Ludhiana,2020-11,17.70666667,19.1,58.93333333
Ludhiana,2020-12,12.59677419,12.8,77.87096774
Ludhiana,2021-01,11.08064516,31.4,87.06451613
Ludhiana,2021-02,15.84285714,5.3,79.21428571
Ludhiana,2021-03,21.54516129,3.7,56.77419355
Ludhiana,2021-04,25.01,40.4,41.06666667
Ludhiana,2021-05,29.20645161,11.9,45.38709677
Ludhiana,2021-06,31.09666667,64.1,56.8
Ludhiana,2021-07,30.18064516,129.1,74.5483871
Ludhiana,2021-08,29.0516129,118.9,81.93548387
Ludhiana,2021-09,27.75,102.7,81.33333333
Ludhiana,2021-10,24.23225806,48.2,70.83870968
Ludhiana,2021-11,17.42666667,0.7,69.56666667
Ludhiana,2021-12,12.56451613,1,76.96774194
Ludhiana,2022-01,11.20322581,119.2,87.58064516
Ludhiana,2022-02,13.66071429,33.7,77.60714286
Ludhiana,2022-03,22.72258065,12,61.64516129
Ludhiana,2022-04,29.97333333,0,28.73333333
Ludhiana,2022-05,31.97741935,36.1,38.51612903
Ludhiana,2022-06,31.91666667,65.1,46.8
Ludhiana,2022-07,28.81935484,325.6,82.77419355
Ludhiana,2022-08,28.63870968,98.8,81.80645161
Ludhiana,2022-09,27.73,138.7,77.93333333
Ludhiana,2022-10,23.39677419,26.6,71.16129032
Ludhiana,2022-11,18.06333333,17.1,72.73333333
Ludhiana,2022-12,13.0516129,0,77.64516129
Kolkata,2019-01,18.51290323,1.5,65.51612903
Kolkata,2019-02,22.39285714,63.2,64.03571429
Kolkata,2019-03,25.35483871,58.8,74.4516129
Kolkata,2019-04,28.63,76.4,77.46666667
Kolkata,2019-05,30.69677419,83.8,77.12903226
Kolkata,2019-06,30.07666667,171.5,81.63333333
Kolkata,2019-07,29.18387097,225.6,83.4516129
Kolkata,2019-08,28.38387097,372.6,86.93548387
Kolkata,2019-09,27.69333333,266.7,88.2
Kolkata,2019-10,26.45806452,225.4,86.16129032
Kolkata,2019-11,23.9,106.7,80.26666667
Kolkata,2019-12,19.40967742,14.3,76.87096774
Kolkata,2020-01,18.42903226,31,76.32258065
Kolkata,2020-02,20.80689655,7.4,66.75862069
Kolkata,2020-03,26.37096774,19.9,64.96774194
Kolkata,2020-04,28.63666667,187.7,74.03333333
Kolkata,2020-05,28.62258065,193.2,81.77419355
Kolkata,2020-06,28.84333333,279.5,86.2
Kolkata,2020-07,28.89032258,313.6,85.80645161
Kolkata,2020-08,28.46451613,419.3,87.58064516
Kolkata,2020-09,28.52,288.7,87.23333333
Kolkata,2020-10,27.68387097,147.4,85
Kolkata,2020-11,23.92333333,5,70.8
Kolkata,2020-12,19.78064516,0,71.5483871
Kolkata,2021-01,19.97741935,0.2,68.87096774
Kolkata,2021-02,22.11071429,0,61.96428571
Kolkata,2021-03,28.21290323,5.9,62.48387097
Kolkata,2021-04,30.06333333,31.8,68.83333333
Kolkata,2021-05,29.5483871,147.4,77.4516129
Kolkata,2021-06,28.72333333,328.9,85.8
Kolkata,2021-07,28.61290323,430.3,86.32258065
Kolkata,2021-08,28.25806452,375.6,87.80645161
Kolkata,2021-09,27.39,470.3,89.3
Kolkata,2021-10,27.09677419,232.7,85.19354839
Kolkata,2021-11,23.26666667,43.9,76.8
Kolkata,2021-12,19.59677419,101.2,76.90322581
Kolkata,2022-01,18.20322581,34.3,77.41935484
Kolkata,2022-02,20.81428571,29.1,71.03571429
Kolkata,2022-03,27.32580645,9.3,63.64516129
Kolkata,2022-04,30.32666667,32.9,73.5
Kolkata,2022-05,29.37419355,178,78.77419355
Kolkata,2022-06,29.78,258.9,79.93333333
Kolkata,2022-07,28.5483871,217.3,83.38709677
Kolkata,2022-08,27.99354839,338.1,86.64516129
Kolkata,2022-09,27.84666667,374.6,87.23333333
Kolkata,2022-10,26.4483871,179.1,82.4516129
Kolkata,2022-11,23.06666667,0,71.1
Kolkata,2022-12,20.42258065,0,71.12903226
Guwahati,2019-01,16.93548387,8.8,70.80645161
Guwahati,2019-02,18.875,31.7,72.53571429
Guwahati,2019-03,22.02580645,24.5,65.38709677
Guwahati,2019-04,24.07333333,121.6,79.36666667
Guwahati,2019-05,25.1483871,206.9,85.70967742
Guwahati,2019-06,27.64666667,230.4,85.9
Guwahati,2019-07,27.2516129,498,89.77419355
Guwahati,2019-08,28.69032258,232.7,84.12903226
Guwahati,2019-09,26.63666667,350.3,89.66666667
Guwahati,2019-10,24.47419355,193.9,86.09677419
Guwahati,2019-11,22.34333333,39.8,83.6
Guwahati,2019-12,17.49354839,11.4,79.4516129
Guwahati,2020-01,16.35483871,26.1,79.61290323
Guwahati,2020-02,19.05172414,24.4,69.96551724
Guwahati,2020-03,22.97419355,27.4,64
Guwahati,2020-04,24.54666667,85.1,69.5
Guwahati,2020-05,25.28387097,359.6,82.58064516
Guwahati,2020-06,26.94333333,452.2,88.53333333
Guwahati,2020-07,27.19677419,664,90.38709677
Guwahati,2020-08,28.18064516,282.9,86.12903226
Guwahati,2020-09,27.16666667,285.2,88.73333333
Guwahati,2020-10,26.36129032,285.1,86.12903226
Guwahati,2020-11,21.29666667,13,78
Guwahati,2020-12,18.16451613,9.9,77.41935484
Guwahati,2021-01,16.9516129,28.2,80.32258065
Guwahati,2021-02,19.91428571,2.4,67.39285714
Guwahati,2021-03,23.69032258,19.3,60.67741935
Guwahati,2021-04,26.28333333,24.5,64.06666667
Guwahati,2021-05,25.94193548,313.4,83.70967742
Guwahati,2021-06,27.25,290.3,87.26666667
Guwahati,2021-07,27.6483871,420,88.77419355
Guwahati,2021-08,27.5,363.1,89.32258065
Guwahati,2021-09,27.84333333,307.8,84.26666667
Guwahati,2021-10,26.23870968,105,82.41935484
Guwahati,2021-11,21.19666667,3.2,72.96666667
Guwahati,2021-12,18.07096774,11.3,76
Guwahati,2022-01,16.22580645,30.2,80.25806452
Guwahati,2022-02,16.37142857,74.7,77.21428571
Guwahati,2022-03,24.73870968,6,58.90322581
Guwahati,2022-04,23.56333333,244.4,85.43333333
Guwahati,2022-05,25.31935484,393.3,84.83870968
Guwahati,2022-06,26.06,421.4,90.16666667
Guwahati,2022-07,28.10967742,402.4,84.80645161
Guwahati,2022-08,28.26129032,240.4,84.16129032
Guwahati,2022-09,26.76333333,301.3,87.9
Guwahati,2022-10,24.74193548,144.5,85.80645161
Guwahati,2022-11,21.54,2.1,77.26666667
Guwahati,2022-12,18.94193548,10.8,78.93548387
Gangtok,2019-01,7.580645161,38.5,66.48387097
Gangtok,2019-02,9.832142857,234.1,75.82142857
Gangtok,2019-03,11.51612903,290.9,79.64516129
Gangtok,2019-04,15.86666667,339,79.43333333
Gangtok,2019-05,17.95806452,1064.5,84.83870968
Gangtok,2019-06,20.31,1230.4,85.26666667
Gangtok,2019-07,19.87419355,1524.8,90.96774194
Gangtok,2019-08,20.77741935,468.7,85.61290323
Gangtok,2019-09,19.36,805.7,88.5
Gangtok,2019-10,16.62258065,369,83.96774194
Gangtok,2019-11,14.19666667,225,82.16666667
Gangtok,2019-12,8.164516129,130.5,74.22580645
Gangtok,2020-01,7.277419355,157.1,75.58064516
Gangtok,2020-02,8.965517241,218.8,77.20689655
Gangtok,2020-03,12.47096774,328.7,80.25806452
Gangtok,2020-04,14.84333333,441.4,79.66666667
Gangtok,2020-05,17.21935484,722.5,84.61290323
Gangtok,2020-06,19.63,995.8,88.73333333
Gangtok,2020-07,20.1483871,1380.5,91.80645161
Gangtok,2020-08,20.50322581,618.1,89.22580645
Gangtok,2020-09,19.54666667,1266.9,89.8
Gangtok,2020-10,18.56774194,189.8,75.19354839
Gangtok,2020-11,12.76,68.1,67.93333333
Gangtok,2020-12,9.712903226,89.2,76.67741935
Gangtok,2021-01,9.106451613,184,77.58064516
Gangtok,2021-02,10.68928571,138.6,69.39285714
Gangtok,2021-03,13.46129032,471.3,78.83870968
Gangtok,2021-04,15.74666667,168.5,69
Gangtok,2021-05,17.73225806,890.8,84.58064516
Gangtok,2021-06,19.58333333,1066.3,89.66666667
Gangtok,2021-07,20.2516129,745.4,90.22580645
Gangtok,2021-08,20.16774194,1505.1,90.29032258
Gangtok,2021-09,19.92333333,271,82.66666667
Gangtok,2021-10,17.45806452,392.1,81.4516129
Gangtok,2021-11,11.75666667,79,76.9
Gangtok,2021-12,8.861290323,73.3,74.4516129
Gangtok,2022-01,6.993548387,194.7,75.16129032
Gangtok,2022-02,6.582142857,256.2,81.78571429
Gangtok,2022-03,14.61612903,220.6,68.4516129
Gangtok,2022-04,16.4,468.1,82.1
Gangtok,2022-05,17.77419355,555.8,83.4516129
Gangtok,2022-06,19.41666667,937,90.13333333
Gangtok,2022-07,20.51290323,433.3,86.96774194
Gangtok,2022-08,20.16774194,503.5,87.96774194
Gangtok,2022-09,19.11666667,619,87.96666667
Gangtok,2022-10,16.16129032,372.6,78.5483871
Gangtok,2022-11,12.16666667,53.7,70.83333333
Gangtok,2022-12,9.748387097,62.2,73.41935484
Shillong,2019-01,10.29677419,3.6,65.83870968
Shillong,2019-02,12.31071429,51.6,71.60714286
Shillong,2019-03,14.78709677,23.1,68.83870968
Shillong,2019-04,17.52333333,135.6,78.6
Shillong,2019-05,20.00967742,283,83.5483871
Shillong,2019-06,20.88333333,386.9,87.66666667
Shillong,2019-07,20.98387097,507.6,89.19354839
Shillong,2019-08,21.32580645,210.7,88.90322581
Shillong,2019-09,20.15666667,266.9,88.93333333
Shillong,2019-10,17.73225806,275.4,85.87096774
Shillong,2019-11,15.6,73,79.4
Shillong,2019-12,11.08387097,7.3,71.09677419
Shillong,2020-01,9.851612903,46.2,76.48387097
Shillong,2020-02,11.52068966,21,73.68965517
Shillong,2020-03,14.78387097,37,70.38709677
Shillong,2020-04,17.41333333,105.3,72.33333333
Shillong,2020-05,18.80967742,377.1,84.4516129
Shillong,2020-06,20.65,514.5,88
Shillong,2020-07,20.98709677,560.5,90.19354839
Shillong,2020-08,21.29677419,198.7,88.4516129
Shillong,2020-09,20.59,365.3,89.3
Shillong,2020-10,19.44516129,296.1,87.51612903
Shillong,2020-11,15.72,14.3,65.26666667
Shillong,2020-12,11.62903226,4.6,71.32258065
Shillong,2021-01,11.18387097,5.7,68.5483871
Shillong,2021-02,12.89285714,3.9,67.03571429
Shillong,2021-03,16.7483871,26.7,61
Shillong,2021-04,19.05,49.5,64.4
Shillong,2021-05,19.4516129,185,82.61290323
Shillong,2021-06,20.89333333,361.6,87.16666667
Shillong,2021-07,20.95483871,364.5,89.32258065
Shillong,2021-08,20.8516129,315.2,89.87096774
Shillong,2021-09,20.53666667,167.4,87.5
Shillong,2021-10,18.97741935,94.6,83.4516129
Shillong,2021-11,14.25333333,1.5,71.6
Shillong,2021-12,11.94516129,18.8,71.61290323
Shillong,2022-01,10.00322581,37.4,73.67741935
Shillong,2022-02,9.882142857,51.7,73.78571429
Shillong,2022-03,17.49354839,13.2,63.77419355
Shillong,2022-04,19.01666667,63.1,81.16666667
Shillong,2022-05,19.4,197.7,83.74193548
Shillong,2022-06,20.48333333,367.3,88.63333333
Shillong,2022-07,21.40322581,186.5,86.90322581
Shillong,2022-08,21.35806452,86.4,85.80645161
Shillong,2022-09,20.37333333,124.3,88.6
Shillong,2022-10,18.3516129,156.3,81.41935484
Shillong,2022-11,14.78333333,2.4,70.66666667
Shillong,2022-12,12.2516129,10.9,72.22580645
Itanagar,2019-01,15.27096774,22.1,66.93548387
Itanagar,2019-02,16.88214286,156.7,74.10714286
Itanagar,2019-03,18.88709677,213.3,77.58064516
Itanagar,2019-04,22.2,345.7,81
Itanagar,2019-05,23.38387097,744.8,86.70967742
Itanagar,2019-06,26.66666667,395.9,84.63333333
Itanagar,2019-07,26.42903226,638.9,87.41935484
Itanagar,2019-08,28.03870968,252.9,82.70967742
Itanagar,2019-09,25.82333333,358.3,85.56666667
Itanagar,2019-10,23.14516129,159.9,82.87096774
Itanagar,2019-11,21.12333333,56.1,77.86666667
Itanagar,2019-12,15.97419355,25.9,73.29032258
Itanagar,2020-01,14.79032258,79.5,76.77419355
Itanagar,2020-02,16.97931034,71.5,75
Itanagar,2020-03,20.03548387,125.5,75.93548387
Itanagar,2020-04,21.8,190.1,76.2
Itanagar,2020-05,23.71935484,628.7,82.83870968
Itanagar,2020-06,25.75333333,588.5,87.43333333
Itanagar,2020-07,26.21290323,462.1,89.29032258
Itanagar,2020-08,27.47419355,190.7,84.96774194
Itanagar,2020-09,26.4,260.4,86.56666667
Itanagar,2020-10,24.90967742,243.8,81.64516129
Itanagar,2020-11,19.48,48.2,75.23333333
Itanagar,2020-12,16.18064516,16.4,70.90322581
Itanagar,2021-01,15.58709677,34.6,73.5483871
Itanagar,2021-02,17.80714286,13.4,66.5
Itanagar,2021-03,20.50645161,151.8,74.48387097
Itanagar,2021-04,22.62666667,189.6,76.2
Itanagar,2021-05,24.12903226,455,84.41935484
Itanagar,2021-06,26.36333333,562.3,85.2
Itanagar,2021-07,27.06451613,416.6,85.22580645
Itanagar,2021-08,26.48387097,358.1,87.90322581
Itanagar,2021-09,27.12666667,107.9,78.96666667
Itanagar,2021-10,24.98064516,122,78.5483871
Itanagar,2021-11,19.05666667,11.4,68.3
Itanagar,2021-12,16.64516129,7.8,69.4516129
Itanagar,2022-01,14.88709677,65.1,71.51612903
Itanagar,2022-02,14.55357143,215.1,76.28571429
Itanagar,2022-03,21.83225806,163.5,68.09677419
Itanagar,2022-04,21.67333333,1085.1,86.13333333
Itanagar,2022-05,24.09032258,860.2,84.51612903
Itanagar,2022-06,25.21666667,950.5,89.16666667
Itanagar,2022-07,27.46451613,339.4,83.70967742
Itanagar,2022-08,27.88709677,158.4,82.22580645
Itanagar,2022-09,25.81333333,598.7,86.16666667
Itanagar,2022-10,23.48064516,386.5,82.06451613
Itanagar,2022-11,19.46333333,0.3,67.7
Itanagar,2022-12,17.09032258,60.5,66.80645161
Kohima,2019-01,9.874193548,28.8,74.16129032
Kohima,2019-02,11.59642857,77.4,75.85714286
Kohima,2019-03,13.69032258,120.6,78.16129032
Kohima,2019-04,16.84666667,273.6,83.56666667
Kohima,2019-05,19.36774194,367.7,83.67741935
Kohima,2019-06,20.79666667,743.4,89.5
Kohima,2019-07,21.09354839,843,91.03225806
Kohima,2019-08,21.58709677,496.1,88.16129032
Kohima,2019-09,20.1,773.7,90.56666667
Kohima,2019-10,17.49677419,512.6,91.16129032
Kohima,2019-11,15.03666667,79.6,81.9
Kohima,2019-12,10.3516129,37.8,75.83870968
Kohima,2020-01,9.380645161,123.9,82.80645161
Kohima,2020-02,10.75862069,82.8,83.93103448
Kohima,2020-03,13.91935484,90.7,79.96774194
Kohima,2020-04,16.33,284.9,80.26666667
Kohima,2020-05,18.31935484,540.8,87.87096774
Kohima,2020-06,20.49333333,1039.5,90.76666667
Kohima,2020-07,20.8516129,1272.7,92.16129032
Kohima,2020-08,21.26451613,939.8,90.16129032
Kohima,2020-09,20.52333333,964,90.7
Kohima,2020-10,19.29354839,520.7,91.03225806
Kohima,2020-11,14.6,115.3,76.5
Kohima,2020-12,10.88709677,11.9,71.25806452
Kohima,2021-01,10.65806452,37.2,71.70967742
Kohima,2021-02,12.46785714,37,70.07142857
Kohima,2021-03,15.76129032,93.3,68.87096774
Kohima,2021-04,17.96666667,112.7,71.1
Kohima,2021-05,18.96129032,513.5,85.67741935
Kohima,2021-06,20.76666667,768.9,89.73333333
Kohima,2021-07,21.14516129,843.4,90.16129032
Kohima,2021-08,20.83225806,936,91.58064516
Kohima,2021-09,20.69,338.4,86.53333333
Kohima,2021-10,18.76774194,274.7,87.06451613
Kohima,2021-11,13.84,26.6,79.7
Kohima,2021-12,11.29032258,78.1,79.32258065
Kohima,2022-01,9.464516129,105.4,80.16129032
Kohima,2022-02,9.289285714,99.9,79.07142857
Kohima,2022-03,16.71612903,32.8,69.51612903
Kohima,2022-04,18.18333333,272,80.73333333
Kohima,2022-05,18.94516129,572.5,88.51612903
Kohima,2022-06,20.06666667,1103.1,91.16666667
Kohima,2022-07,21.40645161,632.3,87.12903226
Kohima,2022-08,21.41290323,407.5,87.25806452
Kohima,2022-09,20.05666667,615.2,89.9
Kohima,2022-10,18.10645161,351.1,85.5483871
Kohima,2022-11,14.47666667,24.1,76.7
Kohima,2022-12,11.61290323,36.3,77.83870968
Imphal,2019-01,13.24193548,0,68.38709677
Imphal,2019-02,15.34642857,34.5,68.10714286
Imphal,2019-03,17.56774194,21.1,72.61290323
Imphal,2019-04,22.34,31.7,69.13333333
Imphal,2019-05,24.23548387,199.7,74.70967742
Imphal,2019-06,24.49333333,203,84.83333333
Imphal,2019-07,24.40967742,305,86.58064516
Imphal,2019-08,24.82580645,229,85.5483871
Imphal,2019-09,23.62333333,199,87.43333333
Imphal,2019-10,21.66129032,92.1,86.4516129
Imphal,2019-11,18.38,36.3,79.36666667
Imphal,2019-12,13.69677419,9.1,72.61290323
Imphal,2020-01,12.90645161,35.7,77.61290323
Imphal,2020-02,14.75517241,8.4,69.68965517
Imphal,2020-03,18.65806452,5.7,64.41935484
Imphal,2020-04,21.84333333,76.6,64.66666667
Imphal,2020-05,23.17096774,185.2,75.87096774
Imphal,2020-06,24.12,199.2,86.1
Imphal,2020-07,24.24516129,212.4,87.61290323
Imphal,2020-08,24.56451613,214.8,86.61290323
Imphal,2020-09,24.24,140.5,85.36666667
Imphal,2020-10,23.09677419,240.8,85.70967742
Imphal,2020-11,17.69666667,20.5,78.16666667
Imphal,2020-12,13.51290323,0,70.4516129
Imphal,2021-01,13.5516129,5.3,72
Imphal,2021-02,16.22857143,2.3,59.10714286
Imphal,2021-03,20.00322581,34.1,59
Imphal,2021-04,23.25333333,19,57.66666667
Imphal,2021-05,24.09032258,84.2,73.48387097
Imphal,2021-06,24.29,335.3,84.6
Imphal,2021-07,24.5,228,85.67741935
Imphal,2021-08,23.99677419,158.5,86.5483871
Imphal,2021-09,24.14,106.3,83.73333333
Imphal,2021-10,23.05806452,26.2,80.41935484
Imphal,2021-11,18.93,4.1,68.33333333
Imphal,2021-12,14.86774194,55,76
Imphal,2022-01,13.20322581,39.3,74.61290323
Imphal,2022-02,13.26428571,25.3,69.17857143
Imphal,2022-03,20.49677419,39.2,60.12903226
Imphal,2022-04,22.69333333,28.9,74.46666667
Imphal,2022-05,22.90645161,180,82.12903226
Imphal,2022-06,24.02,156.4,83.9
Imphal,2022-07,25.19354839,187.5,82.09677419
Imphal,2022-08,24.85806452,87.1,82.51612903
Imphal,2022-09,24.48666667,99.6,81.56666667
Imphal,2022-10,22.29677419,117,80.03225806
Imphal,2022-11,18.74666667,7.9,66.36666667
Imphal,2022-12,15.97741935,22.6,67.48387097
Aizawl,2019-01,11.26774194,0.9,71.03225806
Aizawl,2019-02,13.67142857,53.8,69
Aizawl,2019-03,16.10322581,35.6,72.03225806
Aizawl,2019-04,20.12666667,27.8,73.3
Aizawl,2019-05,22.37096774,70.4,76.90322581
Aizawl,2019-06,21.91,263.2,86.5
Aizawl,2019-07,21.28709677,320.7,88.96774194
Aizawl,2019-08,21.59677419,301.8,90.64516129
Aizawl,2019-09,20.82666667,238,91.66666667
Aizawl,2019-10,19.48064516,102.5,89.03225806
Aizawl,2019-11,16.70666667,45.5,80.63333333
Aizawl,2019-12,12.14193548,8.2,74.51612903
Aizawl,2020-01,11.30967742,48,79.4516129
Aizawl,2020-02,12.86896552,7.8,68.17241379
Aizawl,2020-03,17.41935484,5.4,62.25806452
Aizawl,2020-04,19.89333333,84.1,67.9
Aizawl,2020-05,21.13548387,137.8,77.12903226
Aizawl,2020-06,21.45,222.2,87.13333333
Aizawl,2020-07,21.27419355,182.1,89.22580645
Aizawl,2020-08,21.56451613,206.5,89.25806452
Aizawl,2020-09,21.27666667,180,89.9
Aizawl,2020-10,20.90322581,194,89.87096774
Aizawl,2020-11,16.76,20.9,78.13333333
Aizawl,2020-12,12.67419355,0,67.22580645
Aizawl,2021-01,12.5,1.3,66.80645161
Aizawl,2021-02,13.98214286,0.6,62.89285714
Aizawl,2021-03,19.22258065,9.2,54.06451613
Aizawl,2021-04,21.69666667,28,58.46666667
Aizawl,2021-05,21.91935484,89.1,76.74193548
Aizawl,2021-06,21.31666667,281.3,87.46666667
Aizawl,2021-07,21.4483871,418.5,89.64516129
Aizawl,2021-08,20.96451613,189.8,90.77419355
Aizawl,2021-09,21.44,162.4,89.8
Aizawl,2021-10,20.67741935,113.6,85.67741935
Aizawl,2021-11,16.89,49.7,77.26666667
Aizawl,2021-12,13.11290323,55.9,78.61290323
Aizawl,2022-01,11.90645161,13.9,74
Aizawl,2022-02,12.67142857,9.1,61.35714286
Aizawl,2022-03,19.11612903,32.1,57.83870968
Aizawl,2022-04,21.25333333,91.9,73.7
Aizawl,2022-05,20.9483871,152,81.93548387
Aizawl,2022-06,21.29333333,194.3,84.33333333
Aizawl,2022-07,22.22580645,195.1,85.29032258
Aizawl,2022-08,21.94193548,206.5,86.51612903
Aizawl,2022-09,21.09,179.8,88.93333333
Aizawl,2022-10,19.83225806,163.5,87
Aizawl,2022-11,17.36333333,4.7,71.6
Aizawl,2022-12,13.96129032,12.9,72.16129032
Agartala,2019-01,17.90967742,0.2,70.96774194
Agartala,2019-02,20.52857143,57.2,68.46428571
Agartala,2019-03,24.10645161,56.4,69.29032258
Agartala,2019-04,26.62666667,116.9,77.53333333
Agartala,2019-05,28.94193548,142.1,78.90322581
Agartala,2019-06,28.41,223.1,84.63333333
Agartala,2019-07,27.79677419,288.3,86
Agartala,2019-08,28.16451613,165.4,85.06451613
Agartala,2019-09,27.57666667,209.3,85.86666667
Agartala,2019-10,25.9516129,155.1,86.06451613
Agartala,2019-11,22.86333333,63.6,82.16666667
Agartala,2019-12,18.29032258,5.6,78.67741935
Agartala,2020-01,17.33548387,24.9,80.58064516
Agartala,2020-02,19.49310345,4.1,68.86206897
Agartala,2020-03,24.52903226,14,60.96774194
Agartala,2020-04,26.52,185.1,76.13333333
Agartala,2020-05,27.52258065,193.3,81.38709677
Agartala,2020-06,27.59666667,398,87.7
Agartala,2020-07,27.65806452,275.4,88.25806452
Agartala,2020-08,28,224.4,85.48387097
Agartala,2020-09,27.9,246,87
Agartala,2020-10,27.50322581,211,86.03225806
Agartala,2020-11,22.63333333,18.1,80.13333333
Agartala,2020-12,18.47096774,0,78.4516129
Agartala,2021-01,18.21612903,1.8,73.90322581
Agartala,2021-02,20.56785714,0.8,67.75
Agartala,2021-03,26.32580645,17.7,62.32258065
Agartala,2021-04,28.73,37.2,65.1
Agartala,2021-05,28.58064516,147.5,76.38709677
Agartala,2021-06,27.26,337.5,87.5
Agartala,2021-07,27.66774194,251.8,86.87096774
Agartala,2021-08,27.41935484,233.3,88.19354839
Agartala,2021-09,27.96666667,220.5,85.1
Agartala,2021-10,27.17419355,190.1,83.12903226
Agartala,2021-11,22.49666667,22.4,73.56666667
Agartala,2021-12,19.1,120.5,79.38709677
Agartala,2022-01,17.72903226,18.7,78.70967742
Agartala,2022-02,19.21785714,26.8,67.28571429
Agartala,2022-03,25.92580645,27.2,60.19354839
Agartala,2022-04,28.19333333,189.2,76.03333333
Agartala,2022-05,27.39677419,243.5,82.22580645
Agartala,2022-06,27.24,303.3,86.1
Agartala,2022-07,28.6516129,143.4,81.19354839
Agartala,2022-08,28.63548387,151.5,80.70967742
Agartala,2022-09,27.49333333,288.7,86.23333333
Agartala,2022-10,26.28387097,172.6,83.35483871
Agartala,2022-11,22.98,0.5,76.4
Agartala,2022-12,19.50967742,20.5,75.5483871
Jaipur,2019-01,14.32903226,7.5,56.96774194
Jaipur,2019-02,16.90357143,9,54.28571429
Jaipur,2019-03,22.38064516,3.1,39.90322581
Jaipur,2019-04,30.7,27.6,27.93333333
Jaipur,2019-05,33.06774194,0.1,25.22580645
Jaipur,2019-06,34.30666667,38.7,39.23333333
Jaipur,2019-07,29.99677419,295.9,68.90322581
Jaipur,2019-08,27.45806452,325.5,84.16129032
Jaipur,2019-09,27.20666667,178.9,84.46666667
Jaipur,2019-10,25.28064516,3.2,58.74193548
Jaipur,2019-11,22.24333333,14.9,62.03333333
Jaipur,2019-12,13.79677419,8.3,66.4516129
Jaipur,2020-01,14.1516129,7.3,64
Jaipur,2020-02,18.03793103,4.4,48.62068966
Jaipur,2020-03,21.70645161,26.4,49.93548387
Jaipur,2020-04,29.18666667,1.7,30.83333333
Jaipur,2020-05,32.7483871,17.1,30.96774194
Jaipur,2020-06,32.97666667,13.8,46.5
Jaipur,2020-07,31.00645161,112.1,65.61290323
Jaipur,2020-08,27.82258065,212.3,82.90322581
Jaipur,2020-09,28.55333333,69.6,69.46666667
Jaipur,2020-10,26.50967742,0.4,38.67741935
Jaipur,2020-11,19.39,15.9,52.63333333
Jaipur,2020-12,16.21290323,0.3,54.41935484
Jaipur,2021-01,14.61290323,27.1,64.83870968
Jaipur,2021-02,20.09285714,0,43.71428571
Jaipur,2021-03,26.04516129,2.1,31
Jaipur,2021-04,29.84,0.1,17.93333333
Jaipur,2021-05,30.40967742,81.5,41.16129032
Jaipur,2021-06,32.89666667,8.6,45.4
Jaipur,2021-07,30.52580645,251.4,66.29032258
Jaipur,2021-08,28.33548387,159,72.25806452
Jaipur,2021-09,26.64,143.7,84.33333333
Jaipur,2021-10,25.21612903,40.2,58.90322581
Jaipur,2021-11,19.57666667,15.7,57.6
Jaipur,2021-12,15.01612903,11.2,64.12903226
Jaipur,2022-01,12.6516129,48.7,72.87096774
Jaipur,2022-02,17.81428571,0.8,48.5
Jaipur,2022-03,26.5516129,0,31.09677419
Jaipur,2022-04,32.58,0.1,14.5
Jaipur,2022-05,34.29354839,2.4,25.38709677
Jaipur,2022-06,33.00333333,40,41.06666667
Jaipur,2022-07,28.23870968,221.3,78.87096774
Jaipur,2022-08,26.99677419,155.4,80.32258065
Jaipur,2022-09,27.52,63.9,70.66666667
Jaipur,2022-10,24.19354839,68.9,58.96774194
Jaipur,2022-11,20.62333333,0.2,50.86666667
Jaipur,2022-12,16.19677419,0,56.16129032
Gandhinagar,2019-01,17.99354839,0,53.48387097
Gandhinagar,2019-02,20.675,0.2,48.42857143
Gandhinagar,2019-03,25.60322581,0.3,37.09677419
Gandhinagar,2019-04,31.52,0.3,33.06666667
Gandhinagar,2019-05,32.89354839,0,41.96774194
Gandhinagar,2019-06,32.33666667,67.6,60.36666667
Gandhinagar,2019-07,30.49677419,149,69.22580645
Gandhinagar,2019-08,27.27419355,432.5,85.4516129
Gandhinagar,2019-09,27.21,374.9,88.7
Gandhinagar,2019-10,26.76451613,43.9,71.25806452
Gandhinagar,2019-11,25.27333333,19.5,67.53333333
Gandhinagar,2019-12,20.30645161,0,60.41935484
Gandhinagar,2020-01,18.45483871,0.5,58.38709677
Gandhinagar,2020-02,22.7,0,39.06896552
Gandhinagar,2020-03,25.92580645,4.3,38.06451613
Gandhinagar,2020-04,32.40666667,0,29.53333333
Gandhinagar,2020-05,34.73225806,0,36.32258065
Gandhinagar,2020-06,31.36333333,81.8,66.66666667
Gandhinagar,2020-07,29.5483871,167.8,76.93548387
Gandhinagar,2020-08,27.43225806,851.8,87.48387097
Gandhinagar,2020-09,28.27333333,48.1,80.9
Gandhinagar,2020-10,28.23870968,12.2,56
Gandhinagar,2020-11,23.66333333,0,49.83333333
Gandhinagar,2020-12,20.99354839,1.7,54.09677419
Gandhinagar,2021-01,19.77096774,0,56.03225806
Gandhinagar,2021-02,23.44285714,0,38.17857143
Gandhinagar,2021-03,29.03548387,0,25.83870968
Gandhinagar,2021-04,32.42,0.1,26.5
Gandhinagar,2021-05,32.20967742,74.4,49.96774194
Gandhinagar,2021-06,31.09333333,127,65.63333333
Gandhinagar,2021-07,29.67741935,268.8,73.09677419
Gandhinagar,2021-08,28.5516129,66.6,73.67741935
Gandhinagar,2021-09,27.04666667,469.1,88.43333333
Gandhinagar,2021-10,27.10967742,5.3,65.35483871
Gandhinagar,2021-11,24.07666667,0.8,50.3
Gandhinagar,2021-12,20.00645161,8.1,61
Gandhinagar,2022-01,17.89354839,8.3,64.22580645
Gandhinagar,2022-02,21.78571429,0,45.14285714
Gandhinagar,2022-03,28.87419355,0,27.06451613
Gandhinagar,2022-04,32.94333333,0.3,26.53333333
Gandhinagar,2022-05,34.11935484,0,40.4516129
Gandhinagar,2022-06,32.73333333,28.2,55.06666667
Gandhinagar,2022-07,27.53548387,526.7,83.58064516
Gandhinagar,2022-08,27.19032258,270.6,84.19354839
Gandhinagar,2022-09,28.18666667,74.8,76.3
Gandhinagar,2022-10,27.18709677,77.6,54.80645161
Gandhinagar,2022-11,24.05666667,0,46.8
Gandhinagar,2022-12,22.55483871,1.7,45.48387097
Mumbai,2019-01,22.28709677,0.2,59.58064516
Mumbai,2019-02,23.16071429,0,65.28571429
Mumbai,2019-03,25.32258065,0,69.41935484
Mumbai,2019-04,27.94666667,0.2,75.93333333
Mumbai,2019-05,28.88064516,0.9,75.51612903
Mumbai,2019-06,28.53333333,329.1,82.23333333
Mumbai,2019-07,26.64193548,832,90.16129032
Mumbai,2019-08,26.45806452,536.3,88.90322581
Mumbai,2019-09,26.44666667,612.1,90.06666667
Mumbai,2019-10,27.21290323,267.3,84.19354839
Mumbai,2019-11,26.81666667,22,76.96666667
Mumbai,2019-12,25.78709677,4.5,69.09677419
Mumbai,2020-01,23,1.6,68.32258065
Mumbai,2020-02,25.23103448,0,57.86206897
Mumbai,2020-03,25.92258065,0.1,66.70967742
Mumbai,2020-04,28.65,0.1,74.9
Mumbai,2020-05,29.84193548,1.6,75.64516129
Mumbai,2020-06,27.48666667,452.9,87.36666667
Mumbai,2020-07,26.89677419,872.3,90.03225806
Mumbai,2020-08,26.43548387,951.7,90
Mumbai,2020-09,26.96666667,351.8,88.5
Mumbai,2020-10,27.36129032,116.6,85.64516129
Mumbai,2020-11,26.85666667,0.1,63.46666667
Mumbai,2020-12,25.0483871,24.8,64.83870968
Mumbai,2021-01,24.21612903,3.6,69.09677419
Mumbai,2021-02,25.33214286,1.1,58.10714286
Mumbai,2021-03,27.98709677,0,56.64516129
Mumbai,2021-04,28.54666667,0.1,75.63333333
Mumbai,2021-05,29.25806452,270.3,76.87096774
Mumbai,2021-06,27.11,364.5,87.96666667
Mumbai,2021-07,27.01290323,615.4,87.41935484
Mumbai,2021-08,26.34193548,319.6,88.19354839
Mumbai,2021-09,26.32333333,539.8,89.2
Mumbai,2021-10,27.33225806,49.3,77.83870968
Mumbai,2021-11,27.07,18,69.03333333
Mumbai,2021-12,23.66451613,99.2,75.4516129
Mumbai,2022-01,22.52258065,3.7,66
Mumbai,2022-02,23.28928571,0,66.21428571
Mumbai,2022-03,28.14193548,0.1,55.96774194
Mumbai,2022-04,29.00666667,0,73.53333333
Mumbai,2022-05,29.80967742,5.2,71.38709677
Mumbai,2022-06,27.76333333,433.3,81.66666667
Mumbai,2022-07,26.09354839,862.8,88
Mumbai,2022-08,26.38709677,555.2,86
Mumbai,2022-09,26.17333333,646.3,87.6
Mumbai,2022-10,26.29677419,144.8,80.25806452
Mumbai,2022-11,25.68,0,59.7
Mumbai,2022-12,25.35483871,0.2,64.06451613
Bhopal,2019-01,16.49354839,2.4,55.12903226
Bhopal,2019-02,20.55357143,1.8,48.85714286
Bhopal,2019-03,25.0483871,0.4,36.09677419
Bhopal,2019-04,31.85333333,11.5,23.73333333
Bhopal,2019-05,34.27096774,0,24.29032258
Bhopal,2019-06,33.41333333,81.6,47.06666667
Bhopal,2019-07,26.84193548,664.7,81.35483871
Bhopal,2019-08,25.27741935,582.3,89.03225806
Bhopal,2019-09,25.12666667,546.6,90.63333333
Bhopal,2019-10,24.02903226,48.7,77.22580645
Bhopal,2019-11,22.73333333,18,66.86666667
Bhopal,2019-12,17.34193548,16.4,71.83870968
Bhopal,2020-01,16.1516129,17,71.09677419
Bhopal,2020-02,19.5,1.5,54.37931034
Bhopal,2020-03,23.75806452,24.1,48.25806452
Bhopal,2020-04,30.29,0.9,29.36666667
Bhopal,2020-05,33.9516129,0,27.12903226
Bhopal,2020-06,28.58,187.9,70.73333333
Bhopal,2020-07,27.29354839,203.5,81.58064516
Bhopal,2020-08,25.5516129,809.9,87.87096774
Bhopal,2020-09,26.58,236.9,83.7
Bhopal,2020-10,26.37419355,11.3,57.67741935
Bhopal,2020-11,21.54333333,1.5,53.96666667
Bhopal,2020-12,18.21612903,35.3,63.70967742
Bhopal,2021-01,18.1,9.1,66.58064516
Bhopal,2021-02,20.925,0.5,45.28571429
Bhopal,2021-03,26.54193548,3.3,33.83870968
Bhopal,2021-04,30.69333333,0.3,20.46666667
Bhopal,2021-05,31.60645161,16.3,38.16129032
Bhopal,2021-06,28.75,187.4,68.43333333
Bhopal,2021-07,27.06774194,416.6,79.12903226
Bhopal,2021-08,25.3516129,532.5,85.77419355
Bhopal,2021-09,25.36666667,330.2,88.06666667
Bhopal,2021-10,24.43870968,75.6,70.93548387
Bhopal,2021-11,21.48666667,0,56.36666667
Bhopal,2021-12,17.87419355,5.6,62.67741935
Bhopal,2022-01,15.70645161,52.1,71.80645161
Bhopal,2022-02,20.01071429,0,48.92857143
Bhopal,2022-03,27.01935484,0.5,31.83870968
Bhopal,2022-04,32.81,0.1,17.6
Bhopal,2022-05,34.02258065,1.5,27.16129032
Bhopal,2022-06,31.17,107.2,51.73333333
Bhopal,2022-07,25.74516129,545.1,86.61290323
Bhopal,2022-08,25.35806452,673,85.70967742
Bhopal,2022-09,25.57333333,210.1,83.5
Bhopal,2022-10,23.71935484,81.7,66.67741935
Bhopal,2022-11,20.84333333,0,54.5
Bhopal,2022-12,18.96774194,36.4,60.70967742
Raipur,2019-01,18.13225806,13.1,63.06451613
Raipur,2019-02,22.02142857,19.7,56.78571429
Raipur,2019-03,26.87096774,10.1,47.87096774
Raipur,2019-04,31.88333333,2.2,35
Raipur,2019-05,35.21612903,8,29.41935484
Raipur,2019-06,33.49,113.7,52.26666667
Raipur,2019-07,27.72580645,380.7,80.35483871
Raipur,2019-08,26.63548387,398.5,85.5483871
Raipur,2019-09,26.4,457.6,87.46666667
Raipur,2019-10,25.48387097,135.8,83.22580645
Raipur,2019-11,23.62333333,0,68.73333333
Raipur,2019-12,20.1483871,6,65.51612903
Raipur,2020-01,19.36451613,42,68.06451613
Raipur,2020-02,20.07586207,72.2,66.93103448
Raipur,2020-03,24.95483871,44.8,68.48387097
Raipur,2020-04,29.94333333,8.6,47.36666667
Raipur,2020-05,32.71290323,12.2,42.87096774
Raipur,2020-06,28.84666667,268.3,74.5
Raipur,2020-07,27.66774194,227.4,83.25806452
Raipur,2020-08,26.53870968,502.6,86.12903226
Raipur,2020-09,27.66333333,211,83.26666667
Raipur,2020-10,26.11290323,111,77.80645161
Raipur,2020-11,22.59333333,1.7,63.96666667
Raipur,2020-12,19.95483871,0.1,63
Raipur,2021-01,21.01935484,0.5,58.32258065
Raipur,2021-02,22.025,1.5,49.39285714
Raipur,2021-03,27.53225806,0,38.32258065
Raipur,2021-04,30.74666667,0.2,32.96666667
Raipur,2021-05,31.8483871,8.4,47.09677419
Raipur,2021-06,28.51333333,256,75
Raipur,2021-07,27.38387097,250.5,82.32258065
Raipur,2021-08,27.42903226,178.2,80.93548387
Raipur,2021-09,26.41666667,380.2,86
Raipur,2021-10,26.19032258,47.1,71.87096774
Raipur,2021-11,23.47333333,46,69.3
Raipur,2021-12,19.79032258,15.3,64.70967742
Raipur,2022-01,18.38709677,21.5,69.70967742
Raipur,2022-02,21.25,12.3,55.35714286
Raipur,2022-03,27.53548387,0,39.90322581
Raipur,2022-04,33.06666667,1.4,32.16666667
Raipur,2022-05,33.4483871,4.9,40.5483871
Raipur,2022-06,31.10333333,184.5,58.63333333
Raipur,2022-07,26.65806452,438.6,85.58064516
Raipur,2022-08,26.81290323,619,83.29032258
Raipur,2022-09,26.67333333,160.7,83.9
Raipur,2022-10,24.7516129,76.8,76.25806452
Raipur,2022-11,20.98666667,0,64.53333333
Raipur,2022-12,20.68709677,0.2,61.29032258
Panaji,2019-01,24.49032258,0,61.25806452
Panaji,2019-02,25.35714286,0,65
Panaji,2019-03,26.19677419,1,72.77419355
Panaji,2019-04,28.67333333,0.4,74.96666667
Panaji,2019-05,29.12903226,3.5,73.5483871
Panaji,2019-06,27.65666667,616,85.96666667
Panaji,2019-07,26.06774194,849.7,90.58064516
Panaji,2019-08,25.85806452,896.6,90.96774194
Panaji,2019-09,26.01666667,568.8,90.6
Panaji,2019-10,26.80645161,462.5,86.90322581
Panaji,2019-11,27.67666667,13.2,73.56666667
Panaji,2019-12,27.60322581,8.2,65.90322581
Panaji,2020-01,25.70967742,0,68.41935484
Panaji,2020-02,26.40689655,0,66
Panaji,2020-03,27.42903226,0.6,68.12903226
Panaji,2020-04,29.18333333,3.1,76.43333333
Panaji,2020-05,29.91935484,24.4,76.12903226
Panaji,2020-06,26.60333333,839,90.66666667
Panaji,2020-07,26.10322581,1132.8,90.67741935
Panaji,2020-08,25.88709677,902,90.35483871
Panaji,2020-09,26.24,467.3,89.46666667
Panaji,2020-10,26.36451613,264.7,87.87096774
Panaji,2020-11,27.35333333,2.1,70
Panaji,2020-12,26.80322581,3.4,64.93548387
Panaji,2021-01,26.62258065,30.8,68.96774194
Panaji,2021-02,26.58571429,2.5,62.46428571
Panaji,2021-03,28.22580645,2.4,74.80645161
Panaji,2021-04,29.06,13.3,75.7
Panaji,2021-05,28.71612903,320.9,80.80645161
Panaji,2021-06,26.37666667,898.5,89.66666667
Panaji,2021-07,25.95806452,1007.1,90.32258065
Panaji,2021-08,25.77741935,236.9,90.22580645
Panaji,2021-09,25.77,433.7,90.56666667
Panaji,2021-10,26.96451613,87.3,84.5483871
Panaji,2021-11,26.69333333,214.1,80.8
Panaji,2021-12,24.99032258,62.3,76.83870968
Panaji,2022-01,24.48387097,1,69.06451613
Panaji,2022-02,25.15,0,67.57142857
Panaji,2022-03,27.91290323,11.7,73.09677419
Panaji,2022-04,29.47,25.5,77.4
Panaji,2022-05,29.10645161,96.4,75.90322581
Panaji,2022-06,26.50333333,629.8,85.93333333
Panaji,2022-07,25.44516129,846.5,89.16129032
Panaji,2022-08,25.85806452,436.2,86.90322581
Panaji,2022-09,25.70333333,349,87.8
Panaji,2022-10,25.98709677,139.4,82.64516129
Panaji,2022-11,26.86333333,6.6,69.13333333
Panaji,2022-12,26.32258065,24.9,68.35483871
Daman,2019-01,21,0.5,61.67741935
Daman,2019-02,22.275,0.1,65.67857143
Daman,2019-03,25.17419355,0.1,65.77419355
Daman,2019-04,28.33,0,70.8
Daman,2019-05,29.05483871,1,75.64516129
Daman,2019-06,29.00333333,156.8,80.5
Daman,2019-07,27.13548387,597,89.03225806
Daman,2019-08,26.72258065,516.7,88.67741935
Daman,2019-09,26.78666667,492.5,89.43333333
Daman,2019-10,27.52903226,65.9,81.22580645
Daman,2019-11,26.51333333,27.7,77.8
Daman,2019-12,24.61935484,1.2,70.77419355
Daman,2020-01,21.53225806,0.8,70.90322581
Daman,2020-02,24.07241379,0,60.03448276
Daman,2020-03,25.33225806,2.7,67.74193548
Daman,2020-04,28.82666667,0,71.36666667
Daman,2020-05,30.03870968,1.3,75.09677419
Daman,2020-06,28.23,152.7,84
Daman,2020-07,27.3483871,416.9,88.77419355
Daman,2020-08,26.6516129,707.3,90.4516129
Daman,2020-09,27.23666667,184,88.56666667
Daman,2020-10,27.83548387,26.8,80.32258065
Daman,2020-11,26.30666667,0,61.83333333
Daman,2020-12,23.27741935,47.7,71.83870968
Daman,2021-01,22.0516129,2.8,76.58064516
Daman,2021-02,23.96785714,0,63.28571429
Daman,2021-03,26.82580645,0,62.4516129
Daman,2021-04,28.63333333,0,73.93333333
Daman,2021-05,29.47096774,167.6,75.70967742
Daman,2021-06,27.79333333,185,85.93333333
Daman,2021-07,27.52903226,312.6,85.96774194
Daman,2021-08,26.47096774,586.3,87.90322581
Daman,2021-09,26.53,672.4,88.86666667
Daman,2021-10,27.10645161,26.7,78.87096774
Daman,2021-11,26.87333333,9.2,65.03333333
Daman,2021-12,22.59354839,73.7,78.67741935
Daman,2022-01,21.13870968,4.8,70.70967742
Daman,2022-02,22.23214286,0,73.67857143
Daman,2022-03,27.22258065,0,59.22580645
Daman,2022-04,28.79666667,0,72.46666667
Daman,2022-05,29.73548387,3.6,73.96774194
Daman,2022-06,28.26333333,202.7,80.7
Daman,2022-07,26.39354839,1011.1,88.22580645
Daman,2022-08,26.66129032,336.3,86.19354839
Daman,2022-09,26.57666667,372,87.13333333
Daman,2022-10,26.76129032,74.8,76.80645161
Daman,2022-11,25.22666667,0,60.46666667
Daman,2022-12,24.1516129,3.6,68.90322581
Patna,2019-01,16.10645161,4.1,69.41935484
Patna,2019-02,19.34642857,17.8,68.57142857
Patna,2019-03,23.96129032,3.8,52.06451613
Patna,2019-04,29.26333333,14.5,57.33333333
Patna,2019-05,32.68709677,3.2,47.06451613
Patna,2019-06,33.57,45.6,58.3
Patna,2019-07,29.67419355,414.2,81
Patna,2019-08,29.43225806,227.1,83.25806452
Patna,2019-09,27.91666667,567.6,87.16666667
Patna,2019-10,25.9,28.7,81.16129032
Patna,2019-11,23.15666667,0.3,72.86666667
Patna,2019-12,16.30967742,31.6,79.58064516
Patna,2020-01,15.41612903,13.2,83.4516129
Patna,2020-02,17.95172414,16,71.65517241
Patna,2020-03,23.73870968,48.9,64.4516129
Patna,2020-04,27.85,41.9,56.53333333
Patna,2020-05,29.29354839,47.6,69.77419355
Patna,2020-06,29.16333333,414.2,79.8
Patna,2020-07,28.71935484,474.7,87.06451613
Patna,2020-08,29.27096774,201.1,83.16129032
Patna,2020-09,28.51,240.1,87
Patna,2020-10,27.46129032,41.2,77.29032258
Patna,2020-11,21.80666667,0.1,66.33333333
Patna,2020-12,17.4,0,74.83870968
Patna,2021-01,15.89354839,0,75.58064516
Patna,2021-02,19.28214286,3.6,68.46428571
Patna,2021-03,25.60645161,0.3,50.03225806
Patna,2021-04,30.05,3.5,37.3
Patna,2021-05,29.09032258,209.6,68.38709677
Patna,2021-06,28.92666667,405.8,81.56666667
Patna,2021-07,29.20967742,298.7,84.19354839
Patna,2021-08,28.5483871,284,86.22580645
Patna,2021-09,28.53,238.1,84.86666667
Patna,2021-10,26.47419355,141.9,80.5483871
Patna,2021-11,21.6,0,67.53333333
Patna,2021-12,17.8483871,37.3,72.80645161
Patna,2022-01,15.11935484,21.6,83.35483871
Patna,2022-02,17.3,39.7,73.32142857
Patna,2022-03,25.36129032,0,57.38709677
Patna,2022-04,30.26333333,6.4,55.53333333
Patna,2022-05,30.22580645,31.9,66
Patna,2022-06,31.28666667,99.3,70.93333333
Patna,2022-07,30.30645161,233.7,75.09677419
Patna,2022-08,29.09354839,244.4,80.96774194
Patna,2022-09,27.76333333,298.6,86.93333333
Patna,2022-10,25.76774194,113.2,78.67741935
Patna,2022-11,21.47,0,68.9
Patna,2022-12,17.2483871,1.3,75.12903226
Ranchi,2019-01,15.03870968,5.7,59.4516129
Ranchi,2019-02,18.67142857,42.3,56.96428571
Ranchi,2019-03,22.32258065,33.6,48.38709677
Ranchi,2019-04,27.61666667,6.8,45.23333333
Ranchi,2019-05,30.16129032,26,39.83870968
Ranchi,2019-06,29.55666667,101.1,63.93333333
Ranchi,2019-07,25.80645161,260.7,84.5483871
Ranchi,2019-08,24.84193548,322.9,89.4516129
Ranchi,2019-09,24.15,293.9,90.9
Ranchi,2019-10,22.14516129,239.4,85.64516129
Ranchi,2019-11,19.88333333,0.3,74.2
Ranchi,2019-12,15.63225806,47,74.64516129
Ranchi,2020-01,14.7516129,37.7,72.70967742
Ranchi,2020-02,16.91034483,15.4,60
Ranchi,2020-03,20.94193548,83.3,65.48387097
Ranchi,2020-04,25.64,71.2,52.06666667
Ranchi,2020-05,27.05806452,46.6,63.64516129
Ranchi,2020-06,25.51,267.6,84.83333333
Ranchi,2020-07,25.38709677,311.5,88.83870968
Ranchi,2020-08,24.97096774,428,89.77419355
Ranchi,2020-09,25.09333333,251.1,87.26666667
Ranchi,2020-10,23.51935484,77.5,78.25806452
Ranchi,2020-11,19.92333333,2.9,61.33333333
Ranchi,2020-12,16.53870968,3.6,63.5483871
Ranchi,2021-01,16.78387097,1.9,61.61290323
Ranchi,2021-02,18.77142857,9.2,49.10714286
Ranchi,2021-03,24.65806452,13.9,36.67741935
Ranchi,2021-04,27.99,1.4,29.73333333
Ranchi,2021-05,26.14193548,249.9,68.87096774
Ranchi,2021-06,25.63,347.6,83.2
Ranchi,2021-07,25.15806452,379.1,88.16129032
Ranchi,2021-08,24.80322581,231.7,88.87096774
Ranchi,2021-09,24.06,334.9,90.53333333
Ranchi,2021-10,23.05483871,67.5,79.12903226
Ranchi,2021-11,19.09666667,29.3,72.2
Ranchi,2021-12,15.95483871,18.6,69.25806452
Ranchi,2022-01,14.33870968,30.6,73.58064516
Ranchi,2022-02,16.95714286,26.1,54.64285714
Ranchi,2022-03,24.94516129,2.5,35.70967742
Ranchi,2022-04,30.36666667,2.5,26.86666667
Ranchi,2022-05,28.61612903,35,56.41935484
Ranchi,2022-06,28.31,138.1,65.36666667
Ranchi,2022-07,24.85483871,185.7,88.03225806
Ranchi,2022-08,24.39677419,408.7,88.74193548
Ranchi,2022-09,24.13333333,206.8,89.46666667
Ranchi,2022-10,22.33225806,71.4,78.29032258
Ranchi,2022-11,19.01,0,59.63333333
Ranchi,2022-12,17.2516129,0.7,56.80645161
Chennai,2019-01,24.36129032,4.1,71.96774194
Chennai,2019-02,26.20357143,6.9,76.07142857
Chennai,2019-03,27.91935484,4,75.25806452
Chennai,2019-04,29.70666667,3,75.53333333
Chennai,2019-05,31.17096774,2.9,73.77419355
Chennai,2019-06,31.52,51.8,66.16666667
Chennai,2019-07,29.76129032,65.6,71.61290323
Chennai,2019-08,29.24193548,126.5,72
Chennai,2019-09,28.08,189.8,81.13333333
Chennai,2019-10,27.18709677,228.6,84.48387097
Chennai,2019-11,26.69666667,145.8,83.2
Chennai,2019-12,25.85483871,103.1,76.09677419
Chennai,2020-01,25.27419355,37.6,77.58064516
Chennai,2020-02,26.27586207,5.1,71
Chennai,2020-03,27.50967742,1.7,73.38709677
Chennai,2020-04,29.29666667,11.2,75.63333333
Chennai,2020-05,30.96451613,4.8,73.03225806
Chennai,2020-06,30.76666667,54.1,67.86666667
Chennai,2020-07,28.62580645,181.9,80
Chennai,2020-08,28.67419355,95.8,77.74193548
Chennai,2020-09,27.91666667,165.6,81.2
Chennai,2020-10,27.81612903,228.8,79.70967742
Chennai,2020-11,26.30666667,300.9,83.4
Chennai,2020-12,25.33225806,255.7,76.29032258
Chennai,2021-01,25.25483871,78.5,80.35483871
Chennai,2021-02,24.91071429,21.8,73.96428571
Chennai,2021-03,26.76774194,0.6,78.38709677
Chennai,2021-04,29.28666667,10.1,76.9
Chennai,2021-05,30.5483871,49.2,70.70967742
Chennai,2021-06,30.63666667,34.5,65.26666667
Chennai,2021-07,29.39677419,153.9,71.16129032
Chennai,2021-08,29.12580645,156.9,74.03225806
Chennai,2021-09,28.66666667,136,78.5
Chennai,2021-10,27.69354839,233.5,83.41935484
Chennai,2021-11,25.59,782.1,87.86666667
Chennai,2021-12,25.27419355,70.1,77.32258065
Chennai,2022-01,25.37096774,33.6,77.32258065
Chennai,2022-02,25.84642857,3.8,73
Chennai,2022-03,27.72580645,7.7,75.83870968
Chennai,2022-04,29.47,7.9,76.66666667
Chennai,2022-05,30.3,101.8,71.64516129
Chennai,2022-06,30.10666667,49,70.4
Chennai,2022-07,28.97741935,123.8,72.35483871
Chennai,2022-08,28.67096774,156.1,74.4516129
Chennai,2022-09,28.62,122.6,76.46666667
Chennai,2022-10,27.01612903,261.8,78.12903226
Chennai,2022-11,25.25666667,350.6,82.4
Chennai,2022-12,25.33548387,222.7,82.29032258
Thiruvananthapuram,2019-01,25.85483871,3.5,67.09677419
Thiruvananthapuram,2019-02,27.28571429,34.2,72.07142857
Thiruvananthapuram,2019-03,28.32258065,31.5,72.25806452
Thiruvananthapuram,2019-04,28.25666667,168,80.43333333
Thiruvananthapuram,2019-05,28.08709677,145.1,81.93548387
Thiruvananthapuram,2019-06,26.8,270.9,87.93333333
Thiruvananthapuram,2019-07,26.02258065,227.2,88.67741935
Thiruvananthapuram,2019-08,25.36774194,493.4,90.80645161
Thiruvananthapuram,2019-09,25.73,260.9,89.76666667
Thiruvananthapuram,2019-10,25.48064516,394.3,90.12903226
Thiruvananthapuram,2019-11,26.28333333,199.9,86.76666667
Thiruvananthapuram,2019-12,26.19032258,104.9,81.93548387
Thiruvananthapuram,2020-01,26.80322581,14.1,73.67741935
Thiruvananthapuram,2020-02,27.5862069,6.4,68.24137931
Thiruvananthapuram,2020-03,28.24193548,61.7,74.32258065
Thiruvananthapuram,2020-04,28.29,125,79.46666667
Thiruvananthapuram,2020-05,27.17741935,396.6,88.41935484
Thiruvananthapuram,2020-06,26.25333333,253.6,89.1
Thiruvananthapuram,2020-07,25.93225806,220.6,88.29032258
Thiruvananthapuram,2020-08,25.92580645,231.4,88.38709677
Thiruvananthapuram,2020-09,25.47,353.9,90.23333333
Thiruvananthapuram,2020-10,25.78387097,139.8,87.67741935
Thiruvananthapuram,2020-11,26.34,170.2,84.5
Thiruvananthapuram,2020-12,25.98064516,97.3,79.70967742
Thiruvananthapuram,2021-01,25.80645161,191.7,79.32258065
Thiruvananthapuram,2021-02,26.99642857,18.9,68.75
Thiruvananthapuram,2021-03,27.49677419,76.4,74.12903226
Thiruvananthapuram,2021-04,27.24333333,204.1,84.1
Thiruvananthapuram,2021-05,26.44193548,534.5,89.58064516
Thiruvananthapuram,2021-06,26.10666667,169.1,88.33333333
Thiruvananthapuram,2021-07,25.71290323,254.4,88.5483871
Thiruvananthapuram,2021-08,25.48064516,149.7,88.96774194
Thiruvananthapuram,2021-09,25.74,163.4,89.06666667
Thiruvananthapuram,2021-10,25.43870968,452.7,89.93548387
Thiruvananthapuram,2021-11,24.93666667,450.2,88.96666667
Thiruvananthapuram,2021-12,25.9483871,57.8,77.83870968
Thiruvananthapuram,2022-01,26.67419355,20.4,73.09677419
Thiruvananthapuram,2022-02,26.67142857,58,75.57142857
Thiruvananthapuram,2022-03,27.31290323,80.8,74.96774194
Thiruvananthapuram,2022-04,26.67,285.2,85.6
Thiruvananthapuram,2022-05,26.22258065,378.8,87.06451613
Thiruvananthapuram,2022-06,25.78333333,183,87.13333333
Thiruvananthapuram,2022-07,25.49354839,216.9,87
Thiruvananthapuram,2022-08,25.16129032,399.6,88.16129032
Thiruvananthapuram,2022-09,25.51666667,112.7,86.83333333
Thiruvananthapuram,2022-10,25.27419355,365.3,87.64516129
Thiruvananthapuram,2022-11,25.09,220.4,86.43333333
Thiruvananthapuram,2022-12,25.71612903,83.3,80.35483871
Bengaluru,2019-01,20.62258065,32.4,58.38709677
Bengaluru,2019-02,23.75714286,6.9,54.67857143
Bengaluru,2019-03,26.76129032,1.2,44.25806452
Bengaluru,2019-04,27.81666667,25.4,47.3
Bengaluru,2019-05,27.01612903,48.7,62.83870968
Bengaluru,2019-06,24.70333333,92.3,75.6
Bengaluru,2019-07,23.45806452,107.1,77.5483871
Bengaluru,2019-08,22.52903226,178.6,82.90322581
Bengaluru,2019-09,22.82333333,182.3,82.43333333
Bengaluru,2019-10,22.3516129,218.4,84.87096774
Bengaluru,2019-11,22.36666667,37,77.66666667
Bengaluru,2019-12,21.16451613,36.7,76.96774194
Bengaluru,2020-01,22.37741935,3.4,64.74193548
Bengaluru,2020-02,23.28275862,0.7,57.17241379
Bengaluru,2020-03,25.60967742,12,54.51612903
Bengaluru,2020-04,26.98666667,28,52.83333333
Bengaluru,2020-05,27.50967742,35.2,59.38709677
Bengaluru,2020-06,23.86333333,177.1,78.5
Bengaluru,2020-07,22.64193548,343,85.77419355
Bengaluru,2020-08,22.56129032,110.8,82.29032258
Bengaluru,2020-09,22.09333333,286.4,86.93333333
Bengaluru,2020-10,22.10645161,130.1,81.80645161
Bengaluru,2020-11,21.57,89.4,78.46666667
Bengaluru,2020-12,20.14516129,52.5,77.87096774
Bengaluru,2021-01,21.02903226,27.1,72.96774194
Bengaluru,2021-02,21.62857143,17.2,58.14285714
Bengaluru,2021-03,25.37096774,0,43.06451613
Bengaluru,2021-04,26.24,76.5,57.13333333
Bengaluru,2021-05,25.09032258,109,71.96774194
Bengaluru,2021-06,23.63666667,113.8,75.76666667
Bengaluru,2021-07,22.59032258,180.8,82.58064516
Bengaluru,2021-08,22.71935484,185.6,81.5483871
Bengaluru,2021-09,22.78333333,117,80.83333333
Bengaluru,2021-10,22.34516129,296.5,85.12903226
Bengaluru,2021-11,21.06666667,296.3,87.66666667
Bengaluru,2021-12,20.51290323,21.1,76.96774194
Bengaluru,2022-01,21.28709677,6.1,66.74193548
Bengaluru,2022-02,22.58571429,0,56.32142857
Bengaluru,2022-03,25.18709677,4.4,46.83870968
Bengaluru,2022-04,26.59333333,35.6,56.06666667
Bengaluru,2022-05,24.06774194,167.2,76.83870968
Bengaluru,2022-06,23.14666667,160.9,81.2
Bengaluru,2022-07,22.2516129,183.2,83.87096774
Bengaluru,2022-08,22.22258065,248.2,83.16129032
Bengaluru,2022-09,22.26666667,97.2,81.93333333
Bengaluru,2022-10,21.50645161,154.7,80.58064516
Bengaluru,2022-11,20.78666667,71.3,77.76666667
Bengaluru,2022-12,20.47419355,56.5,75.4516129
Amaravati,2019-01,23.94516129,36.8,67.64516129
Amaravati,2019-02,27.37142857,5.1,64.07142857
Amaravati,2019-03,29.90967742,4.6,63.29032258
Amaravati,2019-04,31.92,4.7,61.23333333
Amaravati,2019-05,34.5,10.6,55.25806452
Amaravati,2019-06,33.64,57.2,57.06666667
Amaravati,2019-07,30.42580645,154.7,67.5483871
Amaravati,2019-08,28.97419355,163.6,75.03225806
Amaravati,2019-09,28.09333333,228.4,80.6
Amaravati,2019-10,26.79354839,301.9,87.61290323
Amaravati,2019-11,26.85,12.4,76
Amaravati,2019-12,25.25806452,6.5,71.74193548
Amaravati,2020-01,25.22258065,39.9,74.93548387
Amaravati,2020-02,26.70344828,7.4,66.75862069
Amaravati,2020-03,29.04193548,7.8,63.61290323
Amaravati,2020-04,31.31,14.6,63.2
Amaravati,2020-05,33.42580645,15,58.4516129
Amaravati,2020-06,30.77333333,137.5,68.96666667
Amaravati,2020-07,28.60645161,302.4,81.90322581
Amaravati,2020-08,28.07741935,245,80.90322581
Amaravati,2020-09,28.01666667,397.4,83.93333333
Amaravati,2020-10,27.29677419,311.6,83.35483871
Amaravati,2020-11,25.63,128.3,79.63333333
Amaravati,2020-12,23.79032258,0.3,76.64516129
Amaravati,2021-01,25.00967742,1.5,73.70967742
Amaravati,2021-02,25.675,0.7,65.32142857
Amaravati,2021-03,29.10645161,0.1,62.67741935
Amaravati,2021-04,31.39666667,13.6,63.26666667
Amaravati,2021-05,32.48064516,53.7,59.29032258
Amaravati,2021-06,31.32666667,68.5,61.16666667
Amaravati,2021-07,28.77419355,311.2,76.12903226
Amaravati,2021-08,29.10645161,158.3,74.90322581
Amaravati,2021-09,28.25,183.2,79.06666667
Amaravati,2021-10,27.96774194,118.9,79.58064516
Amaravati,2021-11,25.53666667,178.9,84.83333333
Amaravati,2021-12,24.28064516,6.7,71.93548387
Amaravati,2022-01,24.23225806,34.9,71.70967742
Amaravati,2022-02,26.375,0.5,63.71428571
Amaravati,2022-03,29.87096774,2.4,59.19354839
Amaravati,2022-04,31.81333333,6.4,63
Amaravati,2022-05,32.48064516,74.2,59.51612903
Amaravati,2022-06,32.49666667,63.1,57.43333333
Amaravati,2022-07,27.92903226,334.4,79.93548387
Amaravati,2022-08,28.42580645,206.3,77.51612903
Amaravati,2022-09,27.97333333,235.4,80.03333333
Amaravati,2022-10,26.30967742,205.6,80
Amaravati,2022-11,25.53333333,25.3,74.96666667
Amaravati,2022-12,25.19354839,70.3,76.58064516
Hyderabad,2019-01,20.76774194,32.8,58.58064516
Hyderabad,2019-02,24.225,0.4,55.17857143
Hyderabad,2019-03,28.18387097,0.4,44.58064516
Hyderabad,2019-04,30.45333333,3.6,43.13333333
Hyderabad,2019-05,32.80967742,0.9,35.12903226
Hyderabad,2019-06,29.86666667,73.1,59.9
Hyderabad,2019-07,26.04193548,192.6,77.38709677
Hyderabad,2019-08,25.20322581,177.9,80.16129032
Hyderabad,2019-09,24.84333333,188.8,84.56666667
Hyderabad,2019-10,24.20322581,161.4,87.12903226
Hyderabad,2019-11,23.69333333,10.1,74.6
Hyderabad,2019-12,21.68387097,11.1,74.58064516
Hyderabad,2020-01,22.42580645,2.5,69.67741935
Hyderabad,2020-02,23.2137931,22.5,62.79310345
Hyderabad,2020-03,26.36129032,4.2,57.90322581
Hyderabad,2020-04,29.17,3.4,50.46666667
Hyderabad,2020-05,31.20322581,4.9,47.29032258
Hyderabad,2020-06,27.21333333,189.6,72.86666667
Hyderabad,2020-07,25.58387097,203.1,82.48387097
Hyderabad,2020-08,24.72258065,272.1,83.77419355
Hyderabad,2020-09,25.34333333,203.6,83.26666667
Hyderabad,2020-10,24.77741935,196.8,77.80645161
Hyderabad,2020-11,23.05666667,24.1,66.76666667
Hyderabad,2020-12,20.87741935,0,64.09677419
Hyderabad,2021-01,22.03548387,4.6,67.09677419
Hyderabad,2021-02,22.69285714,0.5,51.5
Hyderabad,2021-03,27.47096774,0,36.70967742
Hyderabad,2021-04,29.15333333,4.9,46
Hyderabad,2021-05,29.80967742,18.8,54.32258065
Hyderabad,2021-06,26.90333333,68.8,70.7
Hyderabad,2021-07,25.56129032,237.6,79.64516129
Hyderabad,2021-08,25.60322581,112.3,78.5483871
Hyderabad,2021-09,24.73333333,221.4,82.83333333
Hyderabad,2021-10,25.29354839,61.5,70.5483871
Hyderabad,2021-11,23.72333333,54.9,74.36666667
Hyderabad,2021-12,22.19032258,2,61.61290323
Hyderabad,2022-01,21.02258065,14.3,64.77419355
Hyderabad,2022-02,23.74642857,0,49.39285714
Hyderabad,2022-03,28.26774194,1.6,37.38709677
Hyderabad,2022-04,30.78666667,3.5,43.1
Hyderabad,2022-05,30.32580645,19,51.80645161
Hyderabad,2022-06,28.4,104.7,63.53333333
Hyderabad,2022-07,24.61290323,353.6,83.61290323
Hyderabad,2022-08,25.23870968,135.8,79.61290323
Hyderabad,2022-09,24.96666667,186.9,81.73333333
Hyderabad,2022-10,23.63548387,81.4,75
Hyderabad,2022-11,23,1.9,59.1
Hyderabad,2022-12,22.85806452,18.9,65.35483871
Puducherry,2019-01,24.30645161,4.4,73.87096774
Puducherry,2019-02,26.32142857,10.2,77.17857143
Puducherry,2019-03,27.8483871,8.4,75.67741935
Puducherry,2019-04,29.69333333,9.6,75.46666667
Puducherry,2019-05,30.98709677,10.6,73.48387097
Puducherry,2019-06,31.57333333,11.6,64.06666667
Puducherry,2019-07,29.63870968,56.1,71.74193548
Puducherry,2019-08,29.20967742,138.3,71.77419355
Puducherry,2019-09,27.99,121.2,80.7
Puducherry,2019-10,27.13225806,294.6,84.35483871
Puducherry,2019-11,26.54666667,179.2,85.4
Puducherry,2019-12,25.63225806,122.5,80.61290323
Puducherry,2020-01,25.48064516,27.6,78.16129032
Puducherry,2020-02,26.46551724,15.8,70.62068966
Puducherry,2020-03,27.49677419,9.8,73.32258065
Puducherry,2020-04,29.24,20.5,76.06666667
Puducherry,2020-05,30.8483871,8.1,72.74193548
Puducherry,2020-06,30.69,42,66.86666667
Puducherry,2020-07,29.01290323,126.8,76.03225806
Puducherry,2020-08,29.02258065,63.7,74.74193548
Puducherry,2020-09,28.16333333,172,77.4
Puducherry,2020-10,27.90645161,86.3,78.41935484
Puducherry,2020-11,26.44333333,425.1,82.76666667
Puducherry,2020-12,25.03870968,327.2,80.22580645
Puducherry,2021-01,25.11612903,119.9,82.61290323
Puducherry,2021-02,25.06785714,17.6,73.60714286
Puducherry,2021-03,27.12258065,1.7,75.70967742
Puducherry,2021-04,29.26,15.6,76.56666667
Puducherry,2021-05,30.47741935,25.8,69.38709677
Puducherry,2021-06,30.49666667,18.2,64.5
Puducherry,2021-07,29.35806452,103.5,70.58064516
Puducherry,2021-08,29.26129032,66.9,71.4516129
Puducherry,2021-09,28.97,115,74.96666667
Puducherry,2021-10,27.28387097,366.5,84.70967742
Puducherry,2021-11,25.36666667,728.3,88.46666667
Puducherry,2021-12,25.32580645,78.5,78.48387097
Puducherry,2022-01,25.53548387,42.5,77.74193548
Puducherry,2022-02,26.15714286,8.2,72.03571429
Puducherry,2022-03,27.36129032,36.3,78.09677419
Puducherry,2022-04,29.06666667,24.5,77.53333333
Puducherry,2022-05,30.22580645,57.1,71.51612903
Puducherry,2022-06,29.82,62.6,70.93333333
Puducherry,2022-07,28.84193548,72.3,72.93548387
Puducherry,2022-08,28.48064516,100.7,75.25806452
Puducherry,2022-09,28.52333333,113.9,76.13333333
Puducherry,2022-10,26.9516129,199.9,79.90322581
Puducherry,2022-11,25.36333333,367.9,83
Puducherry,2022-12,25.21290323,180.9,81.87096774
Kavaratti,2019-01,27.19354839,0.9,68.09677419
Kavaratti,2019-02,27.42857143,0.9,76.75
Kavaratti,2019-03,27.75806452,1.5,76.41935484
Kavaratti,2019-04,29.05333333,3.2,75.03333333
Kavaratti,2019-05,29.36774194,9.3,73.41935484
Kavaratti,2019-06,28.29333333,207.9,82.03333333
Kavaratti,2019-07,27.65483871,284.2,82.96774194
Kavaratti,2019-08,27.18064516,337.4,84.29032258
Kavaratti,2019-09,27.35666667,132,83.2
Kavaratti,2019-10,27.3,515.9,82.09677419
Kavaratti,2019-11,27.90333333,69.3,79.5
Kavaratti,2019-12,27.87419355,141.2,78.51612903
Kavaratti,2020-01,27.60967742,9.1,75.06451613
Kavaratti,2020-02,27.58965517,6,76.72413793
Kavaratti,2020-03,28.12580645,17.6,76.74193548
Kavaratti,2020-04,29.32333333,13.6,74.16666667
Kavaratti,2020-05,29.30322581,212.5,77.74193548
Kavaratti,2020-06,27.96333333,296.1,84
Kavaratti,2020-07,27.31290323,391.5,83.51612903
Kavaratti,2020-08,27.51612903,163.7,81.38709677
Kavaratti,2020-09,26.95,226,84.16666667
Kavaratti,2020-10,27.46774194,47.6,78.22580645
Kavaratti,2020-11,27.91,92.7,78.26666667
Kavaratti,2020-12,27.59032258,106.8,78.41935484
Kavaratti,2021-01,27.23870968,125.7,77.80645161
Kavaratti,2021-02,27.375,12.3,74.25
Kavaratti,2021-03,28.33870968,8.7,76.4516129
Kavaratti,2021-04,28.78666667,55.9,75.16666667
Kavaratti,2021-05,28.37096774,375.9,80.83870968
Kavaratti,2021-06,27.96,109.4,80.56666667
Kavaratti,2021-07,27.66129032,140.9,80.96774194
Kavaratti,2021-08,26.95483871,274.3,82.83870968
Kavaratti,2021-09,27.20666667,123,82.46666667
Kavaratti,2021-10,27.12258065,219,81.83870968
Kavaratti,2021-11,27.22666667,212.4,78.6
Kavaratti,2021-12,27.35483871,36.7,75.64516129
Kavaratti,2022-01,27.09677419,5.9,71.96774194
Kavaratti,2022-02,26.96071429,4.2,75.57142857
Kavaratti,2022-03,28.07096774,24.5,76.67741935
Kavaratti,2022-04,28.74,103.4,76.06666667
Kavaratti,2022-05,28.60322581,251.4,76.74193548
Kavaratti,2022-06,27.48333333,284.7,80.6
Kavaratti,2022-07,27.10967742,236.8,80.4516129
Kavaratti,2022-08,26.67419355,417.4,82.22580645
Kavaratti,2022-09,26.78333333,234.1,80.03333333
Kavaratti,2022-10,27.39032258,108.5,75
Kavaratti,2022-11,27.63666667,87.8,71.86666667
Kavaratti,2022-12,27.68064516,124,75.61290323
Port Blair,2019-01,26.17419355,73.9,81.5483871
Port Blair,2019-02,26.89642857,7.9,79.10714286
Port Blair,2019-03,27.37419355,9.5,75.61290323
Port Blair,2019-04,29.00666667,68.6,75.46666667
Port Blair,2019-05,27.96129032,202.9,85.29032258
Port Blair,2019-06,27.19666667,340.3,89.13333333
Port Blair,2019-07,27.56451613,116.3,84.09677419
Port Blair,2019-08,26.56774194,387.3,88.87096774
Port Blair,2019-09,26.21,377.1,89.53333333
Port Blair,2019-10,26.8,162.9,86.74193548
Port Blair,2019-11,26.70333333,137,84.5
Port Blair,2019-12,26.52258065,12.6,75.67741935
Port Blair,2020-01,26.40322581,6.4,76.87096774
Port Blair,2020-02,26.62413793,7.7,76
Port Blair,2020-03,27.60645161,11.7,74.5483871
Port Blair,2020-04,28.80666667,86.4,77.16666667
Port Blair,2020-05,28.1483871,268.1,85.61290323
Port Blair,2020-06,27.12333333,331.2,88.83333333
Port Blair,2020-07,26.95483871,300.7,88.06451613
Port Blair,2020-08,27.33548387,220.5,85.19354839
Port Blair,2020-09,26.70333333,422.5,88.46666667
Port Blair,2020-10,26.24516129,436.5,90.90322581
Port Blair,2020-11,26.92666667,117.7,84.3
Port Blair,2020-12,26.35806452,75.4,81.70967742
Port Blair,2021-01,26.47741935,30.3,77
Port Blair,2021-02,26.52857143,52.6,76.03571429
Port Blair,2021-03,27.89677419,17.2,77.5483871
Port Blair,2021-04,27.32,143.2,83.43333333
Port Blair,2021-05,27.81935484,308.7,86.25806452
Port Blair,2021-06,27.71,173.2,84.66666667
Port Blair,2021-07,27.0516129,422.3,87.93548387
Port Blair,2021-08,26.70967742,336.9,88.74193548
Port Blair,2021-09,26.29333333,431.9,90.1
Port Blair,2021-10,26.40967742,399.7,88.61290323
Port Blair,2021-11,26.59333333,262.9,85.66666667
Port Blair,2021-12,26.23225806,120.4,78.58064516
Port Blair,2022-01,26.3483871,19.3,77
Port Blair,2022-02,26.13571429,123.5,79.17857143
Port Blair,2022-03,27.16451613,149.5,83
Port Blair,2022-04,28.10666667,84.1,79.96666667
Port Blair,2022-05,27.26451613,424,85.90322581
Port Blair,2022-06,26.92,252.9,85.53333333
Port Blair,2022-07,26.80967742,363.9,87.12903226
Port Blair,2022-08,26.88387097,338.6,85.29032258
Port Blair,2022-09,26.76,245.4,85.1
Port Blair,2022-10,26.16451613,376.3,87.29032258
Port Blair,2022-11,26.48333333,182.7,83.73333333
Port Blair,2022-12,26.6516129,116.6,78.83870968
Bhubaneswar,2019-01,20.33225806,0.2,67.16129032
Bhubaneswar,2019-02,24.41785714,9.3,64.5
Bhubaneswar,2019-03,27.80645161,22.3,71.22580645
Bhubaneswar,2019-04,30.13333333,12.9,71
Bhubaneswar,2019-05,30.52258065,184.8,77.32258065
Bhubaneswar,2019-06,30.82333333,103.6,76.2
Bhubaneswar,2019-07,28.49032258,353.6,84.64516129
Bhubaneswar,2019-08,27.85806452,449.4,87.96774194
Bhubaneswar,2019-09,27.23,327.5,89.53333333
Bhubaneswar,2019-10,26.48387097,247.5,87.77419355
Bhubaneswar,2019-11,24.45,9.7,80.73333333
Bhubaneswar,2019-12,21.2516129,12,77.64516129
Bhubaneswar,2020-01,20.82903226,40.6,78.09677419
Bhubaneswar,2020-02,21.85517241,64.5,74.79310345
Bhubaneswar,2020-03,26.90322581,31,74.09677419
Bhubaneswar,2020-04,29.38,98.5,73.76666667
Bhubaneswar,2020-05,29.64516129,125.7,77.77419355
Bhubaneswar,2020-06,29.17666667,186.7,83.13333333
Bhubaneswar,2020-07,28.69032258,247.1,84.87096774
Bhubaneswar,2020-08,28.10645161,794.5,86.93548387
Bhubaneswar,2020-09,28.39666667,224.9,86.16666667
Bhubaneswar,2020-10,26.80967742,250.8,85.4516129
Bhubaneswar,2020-11,24.54666667,9.3,73.43333333
Bhubaneswar,2020-12,21.55483871,0.2,73.22580645
Bhubaneswar,2021-01,22.57419355,1.5,73.22580645
Bhubaneswar,2021-02,24.02142857,0.3,61.39285714
Bhubaneswar,2021-03,29.07096774,0.8,63.70967742
Bhubaneswar,2021-04,30.24,4.5,69.73333333
Bhubaneswar,2021-05,30.07741935,127.2,75.16129032
Bhubaneswar,2021-06,29.20666667,178.4,81.7
Bhubaneswar,2021-07,28.38387097,360,84.25806452
Bhubaneswar,2021-08,28.42258065,234.1,84.77419355
Bhubaneswar,2021-09,27.25,512.4,88.73333333
Bhubaneswar,2021-10,27.02258065,177.8,83.58064516
Bhubaneswar,2021-11,24.30333333,67.7,79.9
Bhubaneswar,2021-12,20.53548387,192.2,78.41935484
Bhubaneswar,2022-01,19.76451613,47.3,77.67741935
Bhubaneswar,2022-02,22.87142857,18.5,71.42857143
Bhubaneswar,2022-03,28.06774194,2.5,67.77419355
Bhubaneswar,2022-04,30.46666667,1.1,71.73333333
Bhubaneswar,2022-05,30.83548387,69.8,71.22580645
Bhubaneswar,2022-06,30.15666667,122.3,77.96666667
Bhubaneswar,2022-07,27.76774194,382.9,86.51612903
Bhubaneswar,2022-08,27.7483871,517.1,86.22580645
Bhubaneswar,2022-09,27.54666667,254.9,86.66666667
Bhubaneswar,2022-10,26.16129032,189.4,80.70967742
Bhubaneswar,2022-11,23.91,0.1,68.26666667
Bhubaneswar,2022-12,22.09354839,0.4,70.77419355