country_id,arrivals_in_numbers,014_in_percentage_,1524_in_percentage_,2534_in_percentage_,3544_in_percentage_,4554_in_percentage_,5564_in_percentage_,65_and_above_in_percentage_,average_duration_of_stay_in_days
1,80437,23.1,4.3,11.1,16.5,19.6,12.9,12.6,52.32
2,429860,19.7,6.6,7.6,13.7,26.3,16.8,9.4,32.48
3,2,0.0,0.0,0.0,0.0,50.0,50.0,0.0,64.0
8,2,0.0,0.0,0.0,0.0,50.0,50.0,0.0,64.0
26,2,0.0,0.0,0.0,0.0,50.0,50.0,0.0,64.0
34,2,0.0,0.0,0.0,0.0,50.0,50.0,0.0,64.0
43,2,0.0,0.0,0.0,0.0,50.0,50.0,0.0,64.0
53,2,0.0,0.0,0.0,0.0,50.0,50.0,0.0,64.0
71,2,0.0,0.0,0.0,0.0,50.0,50.0,0.0,64.0
76,2,0.0,0.0,0.0,0.0,50.0,50.0,0.0,64.0
80,2,0.0,0.0,0.0,0.0,50.0,50.0,0.0,64.0
3,2,0.0,0.0,0.0,0.0,50.0,50.0,0.0,46.57
8,2,0.0,0.0,0.0,0.0,50.0,50.0,0.0,46.57
26,2,0.0,0.0,0.0,0.0,50.0,50.0,0.0,46.57
34,2,0.0,0.0,0.0,0.0,50.0,50.0,0.0,46.57
43,2,0.0,0.0,0.0,0.0,50.0,50.0,0.0,46.57
53,2,0.0,0.0,0.0,0.0,50.0,50.0,0.0,46.57
71,2,0.0,0.0,0.0,0.0,50.0,50.0,0.0,46.57
76,2,0.0,0.0,0.0,0.0,50.0,50.0,0.0,46.57
80,2,0.0,0.0,0.0,0.0,50.0,50.0,0.0,46.57
3,2,0.0,0.0,0.0,0.0,50.0,50.0,0.0,26.48
8,2,0.0,0.0,0.0,0.0,50.0,50.0,0.0,26.48
26,2,0.0,0.0,0.0,0.0,50.0,50.0,0.0,26.48
34,2,0.0,0.0,0.0,0.0,50.0,50.0,0.0,26.48
43,2,0.0,0.0,0.0,0.0,50.0,50.0,0.0,26.48
53,2,0.0,0.0,0.0,0.0,50.0,50.0,0.0,26.48
71,2,0.0,0.0,0.0,0.0,50.0,50.0,0.0,26.48
76,2,0.0,0.0,0.0,0.0,50.0,50.0,0.0,26.48
80,2,0.0,0.0,0.0,0.0,50.0,50.0,0.0,26.48
3,2,0.0,0.0,0.0,0.0,50.0,50.0,0.0,25.16
8,2,0.0,0.0,0.0,0.0,50.0,50.0,0.0,25.16
26,2,0.0,0.0,0.0,0.0,50.0,50.0,0.0,25.16
34,2,0.0,0.0,0.0,0.0,50.0,50.0,0.0,25.16
43,2,0.0,0.0,0.0,0.0,50.0,50.0,0.0,25.16
53,2,0.0,0.0,0.0,0.0,50.0,50.0,0.0,25.16
71,2,0.0,0.0,0.0,0.0,50.0,50.0,0.0,25.16
76,2,0.0,0.0,0.0,0.0,50.0,50.0,0.0,25.16
80,2,0.0,0.0,0.0,0.0,50.0,50.0,0.0,25.16
3,2,0.0,0.0,0.0,0.0,50.0,50.0,0.0,42.93
8,2,0.0,0.0,0.0,0.0,50.0,50.0,0.0,42.93
26,2,0.0,0.0,0.0,0.0,50.0,50.0,0.0,42.93
34,2,0.0,0.0,0.0,0.0,50.0,50.0,0.0,42.93
43,2,0.0,0.0,0.0,0.0,50.0,50.0,0.0,42.93
53,2,0.0,0.0,0.0,0.0,50.0,50.0,0.0,42.93
71,2,0.0,0.0,0.0,0.0,50.0,50.0,0.0,42.93
76,2,0.0,0.0,0.0,0.0,50.0,50.0,0.0,42.93
80,2,0.0,0.0,0.0,0.0,50.0,50.0,0.0,42.93
3,2,0.0,0.0,0.0,0.0,50.0,50.0,0.0,27.15
8,2,0.0,0.0,0.0,0.0,50.0,50.0,0.0,27.15
26,2,0.0,0.0,0.0,0.0,50.0,50.0,0.0,27.15
34,2,0.0,0.0,0.0,0.0,50.0,50.0,0.0,27.15
43,2,0.0,0.0,0.0,0.0,50.0,50.0,0.0,27.15
53,2,0.0,0.0,0.0,0.0,50.0,50.0,0.0,27.15
71,2,0.0,0.0,0.0,0.0,50.0,50.0,0.0,27.15
76,2,0.0,0.0,0.0,0.0,50.0,50.0,0.0,27.15
80,2,0.0,0.0,0.0,0.0,50.0,50.0,0.0,27.15
3,2,0.0,0.0,0.0,0.0,50.0,50.0,0.0,102.51
8,2,0.0,0.0,0.0,0.0,50.0,50.0,0.0,102.51
26,2,0.0,0.0,0.0,0.0,50.0,50.0,0.0,102.51
34,2,0.0,0.0,0.0,0.0,50.0,50.0,0.0,102.51
43,2,0.0,0.0,0.0,0.0,50.0,50.0,0.0,102.51
53,2,0.0,0.0,0.0,0.0,50.0,50.0,0.0,102.51
71,2,0.0,0.0,0.0,0.0,50.0,50.0,0.0,102.51
76,2,0.0,0.0,0.0,0.0,50.0,50.0,0.0,102.51
80,2,0.0,0.0,0.0,0.0,50.0,50.0,0.0,102.51
3,2,0.0,0.0,0.0,0.0,50.0,50.0,0.0,134.01
8,2,0.0,0.0,0.0,0.0,50.0,50.0,0.0,134.01
26,2,0.0,0.0,0.0,0.0,50.0,50.0,0.0,134.01
34,2,0.0,0.0,0.0,0.0,50.0,50.0,0.0,134.01
43,2,0.0,0.0,0.0,0.0,50.0,50.0,0.0,134.01
53,2,0.0,0.0,0.0,0.0,50.0,50.0,0.0,134.01
71,2,0.0,0.0,0.0,0.0,50.0,50.0,0.0,134.01
76,2,0.0,0.0,0.0,0.0,50.0,50.0,0.0,134.01
80,2,0.0,0.0,0.0,0.0,50.0,50.0,0.0,134.01
3,2,0.0,0.0,0.0,0.0,50.0,50.0,0.0,53.25
8,2,0.0,0.0,0.0,0.0,50.0,50.0,0.0,53.25
26,2,0.0,0.0,0.0,0.0,50.0,50.0,0.0,53.25
34,2,0.0,0.0,0.0,0.0,50.0,50.0,0.0,53.25
43,2,0.0,0.0,0.0,0.0,50.0,50.0,0.0,53.25
53,2,0.0,0.0,0.0,0.0,50.0,50.0,0.0,53.25
71,2,0.0,0.0,0.0,0.0,50.0,50.0,0.0,53.25
76,2,0.0,0.0,0.0,0.0,50.0,50.0,0.0,53.25
80,2,0.0,0.0,0.0,0.0,50.0,50.0,0.0,53.25
4,510299,20.2,6.3,8.1,14.1,25.2,16.2,9.9,35.0
9,510299,20.2,6.3,8.1,14.1,25.2,16.2,9.9,35.0
27,510299,20.2,6.3,8.1,14.1,25.2,16.2,9.9,35.0
35,510299,20.2,6.3,8.1,14.1,25.2,16.2,9.9,35.0
44,510299,20.2,6.3,8.1,14.1,25.2,16.2,9.9,35.0
54,510299,20.2,6.3,8.1,14.1,25.2,16.2,9.9,35.0
63,510299,20.2,6.3,8.1,14.1,25.2,16.2,9.9,35.0
72,510299,20.2,6.3,8.1,14.1,25.2,16.2,9.9,35.0
77,510299,20.2,6.3,8.1,14.1,25.2,16.2,9.9,35.0
81,510299,20.2,6.3,8.1,14.1,25.2,16.2,9.9,35.0
4,510299,20.2,6.3,8.1,14.1,25.2,16.2,9.9,49.0
9,510299,20.2,6.3,8.1,14.1,25.2,16.2,9.9,49.0
27,510299,20.2,6.3,8.1,14.1,25.2,16.2,9.9,49.0
35,510299,20.2,6.3,8.1,14.1,25.2,16.2,9.9,49.0
44,510299,20.2,6.3,8.1,14.1,25.2,16.2,9.9,49.0
54,510299,20.2,6.3,8.1,14.1,25.2,16.2,9.9,49.0
63,510299,20.2,6.3,8.1,14.1,25.2,16.2,9.9,49.0
72,510299,20.2,6.3,8.1,14.1,25.2,16.2,9.9,49.0
77,510299,20.2,6.3,8.1,14.1,25.2,16.2,9.9,49.0
81,510299,20.2,6.3,8.1,14.1,25.2,16.2,9.9,49.0
4,510299,20.2,6.3,8.1,14.1,25.2,16.2,9.9,31.0
9,510299,20.2,6.3,8.1,14.1,25.2,16.2,9.9,31.0
27,510299,20.2,6.3,8.1,14.1,25.2,16.2,9.9,31.0
35,510299,20.2,6.3,8.1,14.1,25.2,16.2,9.9,31.0
44,510299,20.2,6.3,8.1,14.1,25.2,16.2,9.9,31.0
54,510299,20.2,6.3,8.1,14.1,25.2,16.2,9.9,31.0
63,510299,20.2,6.3,8.1,14.1,25.2,16.2,9.9,31.0
72,510299,20.2,6.3,8.1,14.1,25.2,16.2,9.9,31.0
77,510299,20.2,6.3,8.1,14.1,25.2,16.2,9.9,31.0
81,510299,20.2,6.3,8.1,14.1,25.2,16.2,9.9,31.0
4,510299,20.2,6.3,8.1,14.1,25.2,16.2,9.9,25.0
9,510299,20.2,6.3,8.1,14.1,25.2,16.2,9.9,25.0
27,510299,20.2,6.3,8.1,14.1,25.2,16.2,9.9,25.0
35,510299,20.2,6.3,8.1,14.1,25.2,16.2,9.9,25.0
44,510299,20.2,6.3,8.1,14.1,25.2,16.2,9.9,25.0
54,510299,20.2,6.3,8.1,14.1,25.2,16.2,9.9,25.0
63,510299,20.2,6.3,8.1,14.1,25.2,16.2,9.9,25.0
72,510299,20.2,6.3,8.1,14.1,25.2,16.2,9.9,25.0
77,510299,20.2,6.3,8.1,14.1,25.2,16.2,9.9,25.0
81,510299,20.2,6.3,8.1,14.1,25.2,16.2,9.9,25.0
4,510299,20.2,6.3,8.1,14.1,25.2,16.2,9.9,41.0
9,510299,20.2,6.3,8.1,14.1,25.2,16.2,9.9,41.0
27,510299,20.2,6.3,8.1,14.1,25.2,16.2,9.9,41.0
35,510299,20.2,6.3,8.1,14.1,25.2,16.2,9.9,41.0
44,510299,20.2,6.3,8.1,14.1,25.2,16.2,9.9,41.0
54,510299,20.2,6.3,8.1,14.1,25.2,16.2,9.9,41.0
63,510299,20.2,6.3,8.1,14.1,25.2,16.2,9.9,41.0
72,510299,20.2,6.3,8.1,14.1,25.2,16.2,9.9,41.0
77,510299,20.2,6.3,8.1,14.1,25.2,16.2,9.9,41.0
81,510299,20.2,6.3,8.1,14.1,25.2,16.2,9.9,41.0
4,510299,20.2,6.3,8.1,14.1,25.2,16.2,9.9,29.0
9,510299,20.2,6.3,8.1,14.1,25.2,16.2,9.9,29.0
27,510299,20.2,6.3,8.1,14.1,25.2,16.2,9.9,29.0
35,510299,20.2,6.3,8.1,14.1,25.2,16.2,9.9,29.0
44,510299,20.2,6.3,8.1,14.1,25.2,16.2,9.9,29.0
54,510299,20.2,6.3,8.1,14.1,25.2,16.2,9.9,29.0
63,510299,20.2,6.3,8.1,14.1,25.2,16.2,9.9,29.0
72,510299,20.2,6.3,8.1,14.1,25.2,16.2,9.9,29.0
77,510299,20.2,6.3,8.1,14.1,25.2,16.2,9.9,29.0
81,510299,20.2,6.3,8.1,14.1,25.2,16.2,9.9,29.0
4,510299,20.2,6.3,8.1,14.1,25.2,16.2,9.9,25.0
9,510299,20.2,6.3,8.1,14.1,25.2,16.2,9.9,25.0
27,510299,20.2,6.3,8.1,14.1,25.2,16.2,9.9,25.0
35,510299,20.2,6.3,8.1,14.1,25.2,16.2,9.9,25.0
44,510299,20.2,6.3,8.1,14.1,25.2,16.2,9.9,25.0
54,510299,20.2,6.3,8.1,14.1,25.2,16.2,9.9,25.0
63,510299,20.2,6.3,8.1,14.1,25.2,16.2,9.9,25.0
72,510299,20.2,6.3,8.1,14.1,25.2,16.2,9.9,25.0
77,510299,20.2,6.3,8.1,14.1,25.2,16.2,9.9,25.0
81,510299,20.2,6.3,8.1,14.1,25.2,16.2,9.9,25.0
4,510299,20.2,6.3,8.1,14.1,25.2,16.2,9.9,36.0
9,510299,20.2,6.3,8.1,14.1,25.2,16.2,9.9,36.0
27,510299,20.2,6.3,8.1,14.1,25.2,16.2,9.9,36.0
35,510299,20.2,6.3,8.1,14.1,25.2,16.2,9.9,36.0
44,510299,20.2,6.3,8.1,14.1,25.2,16.2,9.9,36.0
54,510299,20.2,6.3,8.1,14.1,25.2,16.2,9.9,36.0
63,510299,20.2,6.3,8.1,14.1,25.2,16.2,9.9,36.0
72,510299,20.2,6.3,8.1,14.1,25.2,16.2,9.9,36.0
77,510299,20.2,6.3,8.1,14.1,25.2,16.2,9.9,36.0
81,510299,20.2,6.3,8.1,14.1,25.2,16.2,9.9,36.0
4,510299,20.2,6.3,8.1,14.1,25.2,16.2,9.9,63.0
9,510299,20.2,6.3,8.1,14.1,25.2,16.2,9.9,63.0
27,510299,20.2,6.3,8.1,14.1,25.2,16.2,9.9,63.0
35,510299,20.2,6.3,8.1,14.1,25.2,16.2,9.9,63.0
44,510299,20.2,6.3,8.1,14.1,25.2,16.2,9.9,63.0
54,510299,20.2,6.3,8.1,14.1,25.2,16.2,9.9,63.0
63,510299,20.2,6.3,8.1,14.1,25.2,16.2,9.9,63.0
72,510299,20.2,6.3,8.1,14.1,25.2,16.2,9.9,63.0
77,510299,20.2,6.3,8.1,14.1,25.2,16.2,9.9,63.0
81,510299,20.2,6.3,8.1,14.1,25.2,16.2,9.9,63.0
4,510299,20.2,6.3,8.1,14.1,25.2,16.2,9.9,49.0
9,510299,20.2,6.3,8.1,14.1,25.2,16.2,9.9,49.0
27,510299,20.2,6.3,8.1,14.1,25.2,16.2,9.9,49.0
35,510299,20.2,6.3,8.1,14.1,25.2,16.2,9.9,49.0
44,510299,20.2,6.3,8.1,14.1,25.2,16.2,9.9,49.0
54,510299,20.2,6.3,8.1,14.1,25.2,16.2,9.9,49.0
63,510299,20.2,6.3,8.1,14.1,25.2,16.2,9.9,49.0
72,510299,20.2,6.3,8.1,14.1,25.2,16.2,9.9,49.0
77,510299,20.2,6.3,8.1,14.1,25.2,16.2,9.9,49.0
81,510299,20.2,6.3,8.1,14.1,25.2,16.2,9.9,49.0
5,530,9.8,14.9,26.6,24.9,14.0,6.8,3.0,56.39
6,2055,8.3,10.5,26.1,29.4,16.0,7.6,2.0,50.07
7,859,16.3,4.4,28.1,22.7,18.6,8.5,1.4,47.86
3,3354,13.3,8.2,21.9,22.5,19.1,11.5,3.4,64.0
8,3354,13.3,8.2,21.9,22.5,19.1,11.5,3.4,64.0
26,3354,13.3,8.2,21.9,22.5,19.1,11.5,3.4,64.0
34,3354,13.3,8.2,21.9,22.5,19.1,11.5,3.4,64.0
43,3354,13.3,8.2,21.9,22.5,19.1,11.5,3.4,64.0
53,3354,13.3,8.2,21.9,22.5,19.1,11.5,3.4,64.0
71,3354,13.3,8.2,21.9,22.5,19.1,11.5,3.4,64.0
76,3354,13.3,8.2,21.9,22.5,19.1,11.5,3.4,64.0
80,3354,13.3,8.2,21.9,22.5,19.1,11.5,3.4,64.0
3,3354,13.3,8.2,21.9,22.5,19.1,11.5,3.4,46.57
8,3354,13.3,8.2,21.9,22.5,19.1,11.5,3.4,46.57
26,3354,13.3,8.2,21.9,22.5,19.1,11.5,3.4,46.57
34,3354,13.3,8.2,21.9,22.5,19.1,11.5,3.4,46.57
43,3354,13.3,8.2,21.9,22.5,19.1,11.5,3.4,46.57
53,3354,13.3,8.2,21.9,22.5,19.1,11.5,3.4,46.57
71,3354,13.3,8.2,21.9,22.5,19.1,11.5,3.4,46.57
76,3354,13.3,8.2,21.9,22.5,19.1,11.5,3.4,46.57
80,3354,13.3,8.2,21.9,22.5,19.1,11.5,3.4,46.57
3,3354,13.3,8.2,21.9,22.5,19.1,11.5,3.4,26.48
8,3354,13.3,8.2,21.9,22.5,19.1,11.5,3.4,26.48
26,3354,13.3,8.2,21.9,22.5,19.1,11.5,3.4,26.48
34,3354,13.3,8.2,21.9,22.5,19.1,11.5,3.4,26.48
43,3354,13.3,8.2,21.9,22.5,19.1,11.5,3.4,26.48
53,3354,13.3,8.2,21.9,22.5,19.1,11.5,3.4,26.48
71,3354,13.3,8.2,21.9,22.5,19.1,11.5,3.4,26.48
76,3354,13.3,8.2,21.9,22.5,19.1,11.5,3.4,26.48
80,3354,13.3,8.2,21.9,22.5,19.1,11.5,3.4,26.48
3,3354,13.3,8.2,21.9,22.5,19.1,11.5,3.4,25.16
8,3354,13.3,8.2,21.9,22.5,19.1,11.5,3.4,25.16
26,3354,13.3,8.2,21.9,22.5,19.1,11.5,3.4,25.16
34,3354,13.3,8.2,21.9,22.5,19.1,11.5,3.4,25.16
43,3354,13.3,8.2,21.9,22.5,19.1,11.5,3.4,25.16
53,3354,13.3,8.2,21.9,22.5,19.1,11.5,3.4,25.16
71,3354,13.3,8.2,21.9,22.5,19.1,11.5,3.4,25.16
76,3354,13.3,8.2,21.9,22.5,19.1,11.5,3.4,25.16
80,3354,13.3,8.2,21.9,22.5,19.1,11.5,3.4,25.16
3,3354,13.3,8.2,21.9,22.5,19.1,11.5,3.4,42.93
8,3354,13.3,8.2,21.9,22.5,19.1,11.5,3.4,42.93
26,3354,13.3,8.2,21.9,22.5,19.1,11.5,3.4,42.93
34,3354,13.3,8.2,21.9,22.5,19.1,11.5,3.4,42.93
43,3354,13.3,8.2,21.9,22.5,19.1,11.5,3.4,42.93
53,3354,13.3,8.2,21.9,22.5,19.1,11.5,3.4,42.93
71,3354,13.3,8.2,21.9,22.5,19.1,11.5,3.4,42.93
76,3354,13.3,8.2,21.9,22.5,19.1,11.5,3.4,42.93
80,3354,13.3,8.2,21.9,22.5,19.1,11.5,3.4,42.93
3,3354,13.3,8.2,21.9,22.5,19.1,11.5,3.4,27.15
8,3354,13.3,8.2,21.9,22.5,19.1,11.5,3.4,27.15
26,3354,13.3,8.2,21.9,22.5,19.1,11.5,3.4,27.15
34,3354,13.3,8.2,21.9,22.5,19.1,11.5,3.4,27.15
43,3354,13.3,8.2,21.9,22.5,19.1,11.5,3.4,27.15
53,3354,13.3,8.2,21.9,22.5,19.1,11.5,3.4,27.15
71,3354,13.3,8.2,21.9,22.5,19.1,11.5,3.4,27.15
76,3354,13.3,8.2,21.9,22.5,19.1,11.5,3.4,27.15
80,3354,13.3,8.2,21.9,22.5,19.1,11.5,3.4,27.15
3,3354,13.3,8.2,21.9,22.5,19.1,11.5,3.4,102.51
8,3354,13.3,8.2,21.9,22.5,19.1,11.5,3.4,102.51
26,3354,13.3,8.2,21.9,22.5,19.1,11.5,3.4,102.51
34,3354,13.3,8.2,21.9,22.5,19.1,11.5,3.4,102.51
43,3354,13.3,8.2,21.9,22.5,19.1,11.5,3.4,102.51
53,3354,13.3,8.2,21.9,22.5,19.1,11.5,3.4,102.51
71,3354,13.3,8.2,21.9,22.5,19.1,11.5,3.4,102.51
76,3354,13.3,8.2,21.9,22.5,19.1,11.5,3.4,102.51
80,3354,13.3,8.2,21.9,22.5,19.1,11.5,3.4,102.51
3,3354,13.3,8.2,21.9,22.5,19.1,11.5,3.4,134.01
8,3354,13.3,8.2,21.9,22.5,19.1,11.5,3.4,134.01
26,3354,13.3,8.2,21.9,22.5,19.1,11.5,3.4,134.01
34,3354,13.3,8.2,21.9,22.5,19.1,11.5,3.4,134.01
43,3354,13.3,8.2,21.9,22.5,19.1,11.5,3.4,134.01
53,3354,13.3,8.2,21.9,22.5,19.1,11.5,3.4,134.01
71,3354,13.3,8.2,21.9,22.5,19.1,11.5,3.4,134.01
76,3354,13.3,8.2,21.9,22.5,19.1,11.5,3.4,134.01
80,3354,13.3,8.2,21.9,22.5,19.1,11.5,3.4,134.01
3,3354,13.3,8.2,21.9,22.5,19.1,11.5,3.4,53.25
8,3354,13.3,8.2,21.9,22.5,19.1,11.5,3.4,53.25
26,3354,13.3,8.2,21.9,22.5,19.1,11.5,3.4,53.25
34,3354,13.3,8.2,21.9,22.5,19.1,11.5,3.4,53.25
43,3354,13.3,8.2,21.9,22.5,19.1,11.5,3.4,53.25
53,3354,13.3,8.2,21.9,22.5,19.1,11.5,3.4,53.25
71,3354,13.3,8.2,21.9,22.5,19.1,11.5,3.4,53.25
76,3354,13.3,8.2,21.9,22.5,19.1,11.5,3.4,53.25
80,3354,13.3,8.2,21.9,22.5,19.1,11.5,3.4,53.25
4,6798,11.9,9.0,24.3,24.8,17.7,9.6,2.7,35.0
9,6798,11.9,9.0,24.3,24.8,17.7,9.6,2.7,35.0
27,6798,11.9,9.0,24.3,24.8,17.7,9.6,2.7,35.0
35,6798,11.9,9.0,24.3,24.8,17.7,9.6,2.7,35.0
44,6798,11.9,9.0,24.3,24.8,17.7,9.6,2.7,35.0
54,6798,11.9,9.0,24.3,24.8,17.7,9.6,2.7,35.0
63,6798,11.9,9.0,24.3,24.8,17.7,9.6,2.7,35.0
72,6798,11.9,9.0,24.3,24.8,17.7,9.6,2.7,35.0
77,6798,11.9,9.0,24.3,24.8,17.7,9.6,2.7,35.0
81,6798,11.9,9.0,24.3,24.8,17.7,9.6,2.7,35.0
4,6798,11.9,9.0,24.3,24.8,17.7,9.6,2.7,49.0
9,6798,11.9,9.0,24.3,24.8,17.7,9.6,2.7,49.0
27,6798,11.9,9.0,24.3,24.8,17.7,9.6,2.7,49.0
35,6798,11.9,9.0,24.3,24.8,17.7,9.6,2.7,49.0
44,6798,11.9,9.0,24.3,24.8,17.7,9.6,2.7,49.0
54,6798,11.9,9.0,24.3,24.8,17.7,9.6,2.7,49.0
63,6798,11.9,9.0,24.3,24.8,17.7,9.6,2.7,49.0
72,6798,11.9,9.0,24.3,24.8,17.7,9.6,2.7,49.0
77,6798,11.9,9.0,24.3,24.8,17.7,9.6,2.7,49.0
81,6798,11.9,9.0,24.3,24.8,17.7,9.6,2.7,49.0
4,6798,11.9,9.0,24.3,24.8,17.7,9.6,2.7,31.0
9,6798,11.9,9.0,24.3,24.8,17.7,9.6,2.7,31.0
27,6798,11.9,9.0,24.3,24.8,17.7,9.6,2.7,31.0
35,6798,11.9,9.0,24.3,24.8,17.7,9.6,2.7,31.0
44,6798,11.9,9.0,24.3,24.8,17.7,9.6,2.7,31.0
54,6798,11.9,9.0,24.3,24.8,17.7,9.6,2.7,31.0
63,6798,11.9,9.0,24.3,24.8,17.7,9.6,2.7,31.0
72,6798,11.9,9.0,24.3,24.8,17.7,9.6,2.7,31.0
77,6798,11.9,9.0,24.3,24.8,17.7,9.6,2.7,31.0
81,6798,11.9,9.0,24.3,24.8,17.7,9.6,2.7,31.0
4,6798,11.9,9.0,24.3,24.8,17.7,9.6,2.7,25.0
9,6798,11.9,9.0,24.3,24.8,17.7,9.6,2.7,25.0
27,6798,11.9,9.0,24.3,24.8,17.7,9.6,2.7,25.0
35,6798,11.9,9.0,24.3,24.8,17.7,9.6,2.7,25.0
44,6798,11.9,9.0,24.3,24.8,17.7,9.6,2.7,25.0
54,6798,11.9,9.0,24.3,24.8,17.7,9.6,2.7,25.0
63,6798,11.9,9.0,24.3,24.8,17.7,9.6,2.7,25.0
72,6798,11.9,9.0,24.3,24.8,17.7,9.6,2.7,25.0
77,6798,11.9,9.0,24.3,24.8,17.7,9.6,2.7,25.0
81,6798,11.9,9.0,24.3,24.8,17.7,9.6,2.7,25.0
4,6798,11.9,9.0,24.3,24.8,17.7,9.6,2.7,41.0
9,6798,11.9,9.0,24.3,24.8,17.7,9.6,2.7,41.0
27,6798,11.9,9.0,24.3,24.8,17.7,9.6,2.7,41.0
35,6798,11.9,9.0,24.3,24.8,17.7,9.6,2.7,41.0
44,6798,11.9,9.0,24.3,24.8,17.7,9.6,2.7,41.0
54,6798,11.9,9.0,24.3,24.8,17.7,9.6,2.7,41.0
63,6798,11.9,9.0,24.3,24.8,17.7,9.6,2.7,41.0
72,6798,11.9,9.0,24.3,24.8,17.7,9.6,2.7,41.0
77,6798,11.9,9.0,24.3,24.8,17.7,9.6,2.7,41.0
81,6798,11.9,9.0,24.3,24.8,17.7,9.6,2.7,41.0
4,6798,11.9,9.0,24.3,24.8,17.7,9.6,2.7,29.0
9,6798,11.9,9.0,24.3,24.8,17.7,9.6,2.7,29.0
27,6798,11.9,9.0,24.3,24.8,17.7,9.6,2.7,29.0
35,6798,11.9,9.0,24.3,24.8,17.7,9.6,2.7,29.0
44,6798,11.9,9.0,24.3,24.8,17.7,9.6,2.7,29.0
54,6798,11.9,9.0,24.3,24.8,17.7,9.6,2.7,29.0
63,6798,11.9,9.0,24.3,24.8,17.7,9.6,2.7,29.0
72,6798,11.9,9.0,24.3,24.8,17.7,9.6,2.7,29.0
77,6798,11.9,9.0,24.3,24.8,17.7,9.6,2.7,29.0
81,6798,11.9,9.0,24.3,24.8,17.7,9.6,2.7,29.0
4,6798,11.9,9.0,24.3,24.8,17.7,9.6,2.7,25.0
9,6798,11.9,9.0,24.3,24.8,17.7,9.6,2.7,25.0
27,6798,11.9,9.0,24.3,24.8,17.7,9.6,2.7,25.0
35,6798,11.9,9.0,24.3,24.8,17.7,9.6,2.7,25.0
44,6798,11.9,9.0,24.3,24.8,17.7,9.6,2.7,25.0
54,6798,11.9,9.0,24.3,24.8,17.7,9.6,2.7,25.0
63,6798,11.9,9.0,24.3,24.8,17.7,9.6,2.7,25.0
72,6798,11.9,9.0,24.3,24.8,17.7,9.6,2.7,25.0
77,6798,11.9,9.0,24.3,24.8,17.7,9.6,2.7,25.0
81,6798,11.9,9.0,24.3,24.8,17.7,9.6,2.7,25.0
4,6798,11.9,9.0,24.3,24.8,17.7,9.6,2.7,36.0
9,6798,11.9,9.0,24.3,24.8,17.7,9.6,2.7,36.0
27,6798,11.9,9.0,24.3,24.8,17.7,9.6,2.7,36.0
35,6798,11.9,9.0,24.3,24.8,17.7,9.6,2.7,36.0
44,6798,11.9,9.0,24.3,24.8,17.7,9.6,2.7,36.0
54,6798,11.9,9.0,24.3,24.8,17.7,9.6,2.7,36.0
63,6798,11.9,9.0,24.3,24.8,17.7,9.6,2.7,36.0
72,6798,11.9,9.0,24.3,24.8,17.7,9.6,2.7,36.0
77,6798,11.9,9.0,24.3,24.8,17.7,9.6,2.7,36.0
81,6798,11.9,9.0,24.3,24.8,17.7,9.6,2.7,36.0
4,6798,11.9,9.0,24.3,24.8,17.7,9.6,2.7,63.0
9,6798,11.9,9.0,24.3,24.8,17.7,9.6,2.7,63.0
27,6798,11.9,9.0,24.3,24.8,17.7,9.6,2.7,63.0
35,6798,11.9,9.0,24.3,24.8,17.7,9.6,2.7,63.0
44,6798,11.9,9.0,24.3,24.8,17.7,9.6,2.7,63.0
54,6798,11.9,9.0,24.3,24.8,17.7,9.6,2.7,63.0
63,6798,11.9,9.0,24.3,24.8,17.7,9.6,2.7,63.0
72,6798,11.9,9.0,24.3,24.8,17.7,9.6,2.7,63.0
77,6798,11.9,9.0,24.3,24.8,17.7,9.6,2.7,63.0
81,6798,11.9,9.0,24.3,24.8,17.7,9.6,2.7,63.0
4,6798,11.9,9.0,24.3,24.8,17.7,9.6,2.7,49.0
9,6798,11.9,9.0,24.3,24.8,17.7,9.6,2.7,49.0
27,6798,11.9,9.0,24.3,24.8,17.7,9.6,2.7,49.0
35,6798,11.9,9.0,24.3,24.8,17.7,9.6,2.7,49.0
44,6798,11.9,9.0,24.3,24.8,17.7,9.6,2.7,49.0
54,6798,11.9,9.0,24.3,24.8,17.7,9.6,2.7,49.0
63,6798,11.9,9.0,24.3,24.8,17.7,9.6,2.7,49.0
72,6798,11.9,9.0,24.3,24.8,17.7,9.6,2.7,49.0
77,6798,11.9,9.0,24.3,24.8,17.7,9.6,2.7,49.0
81,6798,11.9,9.0,24.3,24.8,17.7,9.6,2.7,49.0
10,4411,8.1,8.3,16.0,15.3,24.3,20.8,7.3,29.78
11,7382,18.1,8.5,14.0,20.0,22.0,13.4,4.0,31.2
12,2025,11.7,5.9,13.9,19.9,26.1,17.2,5.4,31.87
13,1329,18.4,4.4,15.3,25.9,20.8,12.5,2.6,32.8
14,30374,9.3,6.1,14.0,19.7,29.9,15.2,6.0,29.88
15,33772,13.6,5.6,18.3,22.0,21.1,14.6,4.8,24.8
16,1144,6.6,6.2,14.0,21.5,26.2,21.5,3.9,20.53
17,7600,25.2,5.8,8.0,29.2,22.1,8.1,1.6,34.69
18,13659,13.8,8.9,13.8,17.3,27.3,15.8,3.1,39.36
19,15631,10.5,4.2,14.0,24.7,28.1,15.2,3.4,19.92
20,2790,15.6,5.7,11.3,25.4,19.6,14.8,7.7,32.65
21,32064,6.2,9.8,27.0,23.2,18.9,10.5,4.4,38.58
22,6982,13.0,5.5,16.7,23.6,25.6,12.5,3.1,38.01
23,5579,21.2,4.6,13.6,30.0,17.0,9.6,4.1,38.01
24,4198,7.9,6.8,13.9,15.9,22.7,22.8,9.9,25.83
25,164143,18.7,5.4,9.1,25.5,22.4,11.7,7.2,30.44
3,1767,5.3,6.0,30.0,26.5,19.1,10.7,2.4,64.0
8,1767,5.3,6.0,30.0,26.5,19.1,10.7,2.4,64.0
26,1767,5.3,6.0,30.0,26.5,19.1,10.7,2.4,64.0
34,1767,5.3,6.0,30.0,26.5,19.1,10.7,2.4,64.0
43,1767,5.3,6.0,30.0,26.5,19.1,10.7,2.4,64.0
53,1767,5.3,6.0,30.0,26.5,19.1,10.7,2.4,64.0
71,1767,5.3,6.0,30.0,26.5,19.1,10.7,2.4,64.0
76,1767,5.3,6.0,30.0,26.5,19.1,10.7,2.4,64.0
80,1767,5.3,6.0,30.0,26.5,19.1,10.7,2.4,64.0
3,1767,5.3,6.0,30.0,26.5,19.1,10.7,2.4,46.57
8,1767,5.3,6.0,30.0,26.5,19.1,10.7,2.4,46.57
26,1767,5.3,6.0,30.0,26.5,19.1,10.7,2.4,46.57
34,1767,5.3,6.0,30.0,26.5,19.1,10.7,2.4,46.57
43,1767,5.3,6.0,30.0,26.5,19.1,10.7,2.4,46.57
53,1767,5.3,6.0,30.0,26.5,19.1,10.7,2.4,46.57
71,1767,5.3,6.0,30.0,26.5,19.1,10.7,2.4,46.57
76,1767,5.3,6.0,30.0,26.5,19.1,10.7,2.4,46.57
80,1767,5.3,6.0,30.0,26.5,19.1,10.7,2.4,46.57
3,1767,5.3,6.0,30.0,26.5,19.1,10.7,2.4,26.48
8,1767,5.3,6.0,30.0,26.5,19.1,10.7,2.4,26.48
26,1767,5.3,6.0,30.0,26.5,19.1,10.7,2.4,26.48
34,1767,5.3,6.0,30.0,26.5,19.1,10.7,2.4,26.48
43,1767,5.3,6.0,30.0,26.5,19.1,10.7,2.4,26.48
53,1767,5.3,6.0,30.0,26.5,19.1,10.7,2.4,26.48
71,1767,5.3,6.0,30.0,26.5,19.1,10.7,2.4,26.48
76,1767,5.3,6.0,30.0,26.5,19.1,10.7,2.4,26.48
80,1767,5.3,6.0,30.0,26.5,19.1,10.7,2.4,26.48
3,1767,5.3,6.0,30.0,26.5,19.1,10.7,2.4,25.16
8,1767,5.3,6.0,30.0,26.5,19.1,10.7,2.4,25.16
26,1767,5.3,6.0,30.0,26.5,19.1,10.7,2.4,25.16
34,1767,5.3,6.0,30.0,26.5,19.1,10.7,2.4,25.16
43,1767,5.3,6.0,30.0,26.5,19.1,10.7,2.4,25.16
53,1767,5.3,6.0,30.0,26.5,19.1,10.7,2.4,25.16
71,1767,5.3,6.0,30.0,26.5,19.1,10.7,2.4,25.16
76,1767,5.3,6.0,30.0,26.5,19.1,10.7,2.4,25.16
80,1767,5.3,6.0,30.0,26.5,19.1,10.7,2.4,25.16
3,1767,5.3,6.0,30.0,26.5,19.1,10.7,2.4,42.93
8,1767,5.3,6.0,30.0,26.5,19.1,10.7,2.4,42.93
26,1767,5.3,6.0,30.0,26.5,19.1,10.7,2.4,42.93
34,1767,5.3,6.0,30.0,26.5,19.1,10.7,2.4,42.93
43,1767,5.3,6.0,30.0,26.5,19.1,10.7,2.4,42.93
53,1767,5.3,6.0,30.0,26.5,19.1,10.7,2.4,42.93
71,1767,5.3,6.0,30.0,26.5,19.1,10.7,2.4,42.93
76,1767,5.3,6.0,30.0,26.5,19.1,10.7,2.4,42.93
80,1767,5.3,6.0,30.0,26.5,19.1,10.7,2.4,42.93
3,1767,5.3,6.0,30.0,26.5,19.1,10.7,2.4,27.15
8,1767,5.3,6.0,30.0,26.5,19.1,10.7,2.4,27.15
26,1767,5.3,6.0,30.0,26.5,19.1,10.7,2.4,27.15
34,1767,5.3,6.0,30.0,26.5,19.1,10.7,2.4,27.15
43,1767,5.3,6.0,30.0,26.5,19.1,10.7,2.4,27.15
53,1767,5.3,6.0,30.0,26.5,19.1,10.7,2.4,27.15
71,1767,5.3,6.0,30.0,26.5,19.1,10.7,2.4,27.15
76,1767,5.3,6.0,30.0,26.5,19.1,10.7,2.4,27.15
80,1767,5.3,6.0,30.0,26.5,19.1,10.7,2.4,27.15
3,1767,5.3,6.0,30.0,26.5,19.1,10.7,2.4,102.51
8,1767,5.3,6.0,30.0,26.5,19.1,10.7,2.4,102.51
26,1767,5.3,6.0,30.0,26.5,19.1,10.7,2.4,102.51
34,1767,5.3,6.0,30.0,26.5,19.1,10.7,2.4,102.51
43,1767,5.3,6.0,30.0,26.5,19.1,10.7,2.4,102.51
53,1767,5.3,6.0,30.0,26.5,19.1,10.7,2.4,102.51
71,1767,5.3,6.0,30.0,26.5,19.1,10.7,2.4,102.51
76,1767,5.3,6.0,30.0,26.5,19.1,10.7,2.4,102.51
80,1767,5.3,6.0,30.0,26.5,19.1,10.7,2.4,102.51
3,1767,5.3,6.0,30.0,26.5,19.1,10.7,2.4,134.01
8,1767,5.3,6.0,30.0,26.5,19.1,10.7,2.4,134.01
26,1767,5.3,6.0,30.0,26.5,19.1,10.7,2.4,134.01
34,1767,5.3,6.0,30.0,26.5,19.1,10.7,2.4,134.01
43,1767,5.3,6.0,30.0,26.5,19.1,10.7,2.4,134.01
53,1767,5.3,6.0,30.0,26.5,19.1,10.7,2.4,134.01
71,1767,5.3,6.0,30.0,26.5,19.1,10.7,2.4,134.01
76,1767,5.3,6.0,30.0,26.5,19.1,10.7,2.4,134.01
80,1767,5.3,6.0,30.0,26.5,19.1,10.7,2.4,134.01
3,1767,5.3,6.0,30.0,26.5,19.1,10.7,2.4,53.25
8,1767,5.3,6.0,30.0,26.5,19.1,10.7,2.4,53.25
26,1767,5.3,6.0,30.0,26.5,19.1,10.7,2.4,53.25
34,1767,5.3,6.0,30.0,26.5,19.1,10.7,2.4,53.25
43,1767,5.3,6.0,30.0,26.5,19.1,10.7,2.4,53.25
53,1767,5.3,6.0,30.0,26.5,19.1,10.7,2.4,53.25
71,1767,5.3,6.0,30.0,26.5,19.1,10.7,2.4,53.25
76,1767,5.3,6.0,30.0,26.5,19.1,10.7,2.4,53.25
80,1767,5.3,6.0,30.0,26.5,19.1,10.7,2.4,53.25
4,334850,15.2,6.1,13.3,23.7,23.1,12.8,5.9,35.0
9,334850,15.2,6.1,13.3,23.7,23.1,12.8,5.9,35.0
27,334850,15.2,6.1,13.3,23.7,23.1,12.8,5.9,35.0
35,334850,15.2,6.1,13.3,23.7,23.1,12.8,5.9,35.0
44,334850,15.2,6.1,13.3,23.7,23.1,12.8,5.9,35.0
54,334850,15.2,6.1,13.3,23.7,23.1,12.8,5.9,35.0
63,334850,15.2,6.1,13.3,23.7,23.1,12.8,5.9,35.0
72,334850,15.2,6.1,13.3,23.7,23.1,12.8,5.9,35.0
77,334850,15.2,6.1,13.3,23.7,23.1,12.8,5.9,35.0
81,334850,15.2,6.1,13.3,23.7,23.1,12.8,5.9,35.0
4,334850,15.2,6.1,13.3,23.7,23.1,12.8,5.9,49.0
9,334850,15.2,6.1,13.3,23.7,23.1,12.8,5.9,49.0
27,334850,15.2,6.1,13.3,23.7,23.1,12.8,5.9,49.0
35,334850,15.2,6.1,13.3,23.7,23.1,12.8,5.9,49.0
44,334850,15.2,6.1,13.3,23.7,23.1,12.8,5.9,49.0
54,334850,15.2,6.1,13.3,23.7,23.1,12.8,5.9,49.0
63,334850,15.2,6.1,13.3,23.7,23.1,12.8,5.9,49.0
72,334850,15.2,6.1,13.3,23.7,23.1,12.8,5.9,49.0
77,334850,15.2,6.1,13.3,23.7,23.1,12.8,5.9,49.0
81,334850,15.2,6.1,13.3,23.7,23.1,12.8,5.9,49.0
4,334850,15.2,6.1,13.3,23.7,23.1,12.8,5.9,31.0
9,334850,15.2,6.1,13.3,23.7,23.1,12.8,5.9,31.0
27,334850,15.2,6.1,13.3,23.7,23.1,12.8,5.9,31.0
35,334850,15.2,6.1,13.3,23.7,23.1,12.8,5.9,31.0
44,334850,15.2,6.1,13.3,23.7,23.1,12.8,5.9,31.0
54,334850,15.2,6.1,13.3,23.7,23.1,12.8,5.9,31.0
63,334850,15.2,6.1,13.3,23.7,23.1,12.8,5.9,31.0
72,334850,15.2,6.1,13.3,23.7,23.1,12.8,5.9,31.0
77,334850,15.2,6.1,13.3,23.7,23.1,12.8,5.9,31.0
81,334850,15.2,6.1,13.3,23.7,23.1,12.8,5.9,31.0
4,334850,15.2,6.1,13.3,23.7,23.1,12.8,5.9,25.0
9,334850,15.2,6.1,13.3,23.7,23.1,12.8,5.9,25.0
27,334850,15.2,6.1,13.3,23.7,23.1,12.8,5.9,25.0
35,334850,15.2,6.1,13.3,23.7,23.1,12.8,5.9,25.0
44,334850,15.2,6.1,13.3,23.7,23.1,12.8,5.9,25.0
54,334850,15.2,6.1,13.3,23.7,23.1,12.8,5.9,25.0
63,334850,15.2,6.1,13.3,23.7,23.1,12.8,5.9,25.0
72,334850,15.2,6.1,13.3,23.7,23.1,12.8,5.9,25.0
77,334850,15.2,6.1,13.3,23.7,23.1,12.8,5.9,25.0
81,334850,15.2,6.1,13.3,23.7,23.1,12.8,5.9,25.0
4,334850,15.2,6.1,13.3,23.7,23.1,12.8,5.9,41.0
9,334850,15.2,6.1,13.3,23.7,23.1,12.8,5.9,41.0
27,334850,15.2,6.1,13.3,23.7,23.1,12.8,5.9,41.0
35,334850,15.2,6.1,13.3,23.7,23.1,12.8,5.9,41.0
44,334850,15.2,6.1,13.3,23.7,23.1,12.8,5.9,41.0
54,334850,15.2,6.1,13.3,23.7,23.1,12.8,5.9,41.0
63,334850,15.2,6.1,13.3,23.7,23.1,12.8,5.9,41.0
72,334850,15.2,6.1,13.3,23.7,23.1,12.8,5.9,41.0
77,334850,15.2,6.1,13.3,23.7,23.1,12.8,5.9,41.0
81,334850,15.2,6.1,13.3,23.7,23.1,12.8,5.9,41.0
4,334850,15.2,6.1,13.3,23.7,23.1,12.8,5.9,29.0
9,334850,15.2,6.1,13.3,23.7,23.1,12.8,5.9,29.0
27,334850,15.2,6.1,13.3,23.7,23.1,12.8,5.9,29.0
35,334850,15.2,6.1,13.3,23.7,23.1,12.8,5.9,29.0
44,334850,15.2,6.1,13.3,23.7,23.1,12.8,5.9,29.0
54,334850,15.2,6.1,13.3,23.7,23.1,12.8,5.9,29.0
63,334850,15.2,6.1,13.3,23.7,23.1,12.8,5.9,29.0
72,334850,15.2,6.1,13.3,23.7,23.1,12.8,5.9,29.0
77,334850,15.2,6.1,13.3,23.7,23.1,12.8,5.9,29.0
81,334850,15.2,6.1,13.3,23.7,23.1,12.8,5.9,29.0
4,334850,15.2,6.1,13.3,23.7,23.1,12.8,5.9,25.0
9,334850,15.2,6.1,13.3,23.7,23.1,12.8,5.9,25.0
27,334850,15.2,6.1,13.3,23.7,23.1,12.8,5.9,25.0
35,334850,15.2,6.1,13.3,23.7,23.1,12.8,5.9,25.0
44,334850,15.2,6.1,13.3,23.7,23.1,12.8,5.9,25.0
54,334850,15.2,6.1,13.3,23.7,23.1,12.8,5.9,25.0
63,334850,15.2,6.1,13.3,23.7,23.1,12.8,5.9,25.0
72,334850,15.2,6.1,13.3,23.7,23.1,12.8,5.9,25.0
77,334850,15.2,6.1,13.3,23.7,23.1,12.8,5.9,25.0
81,334850,15.2,6.1,13.3,23.7,23.1,12.8,5.9,25.0
4,334850,15.2,6.1,13.3,23.7,23.1,12.8,5.9,36.0
9,334850,15.2,6.1,13.3,23.7,23.1,12.8,5.9,36.0
27,334850,15.2,6.1,13.3,23.7,23.1,12.8,5.9,36.0
35,334850,15.2,6.1,13.3,23.7,23.1,12.8,5.9,36.0
44,334850,15.2,6.1,13.3,23.7,23.1,12.8,5.9,36.0
54,334850,15.2,6.1,13.3,23.7,23.1,12.8,5.9,36.0
63,334850,15.2,6.1,13.3,23.7,23.1,12.8,5.9,36.0
72,334850,15.2,6.1,13.3,23.7,23.1,12.8,5.9,36.0
77,334850,15.2,6.1,13.3,23.7,23.1,12.8,5.9,36.0
81,334850,15.2,6.1,13.3,23.7,23.1,12.8,5.9,36.0
4,334850,15.2,6.1,13.3,23.7,23.1,12.8,5.9,63.0
9,334850,15.2,6.1,13.3,23.7,23.1,12.8,5.9,63.0
27,334850,15.2,6.1,13.3,23.7,23.1,12.8,5.9,63.0
35,334850,15.2,6.1,13.3,23.7,23.1,12.8,5.9,63.0
44,334850,15.2,6.1,13.3,23.7,23.1,12.8,5.9,63.0
54,334850,15.2,6.1,13.3,23.7,23.1,12.8,5.9,63.0
63,334850,15.2,6.1,13.3,23.7,23.1,12.8,5.9,63.0
72,334850,15.2,6.1,13.3,23.7,23.1,12.8,5.9,63.0
77,334850,15.2,6.1,13.3,23.7,23.1,12.8,5.9,63.0
81,334850,15.2,6.1,13.3,23.7,23.1,12.8,5.9,63.0
4,334850,15.2,6.1,13.3,23.7,23.1,12.8,5.9,49.0
9,334850,15.2,6.1,13.3,23.7,23.1,12.8,5.9,49.0
27,334850,15.2,6.1,13.3,23.7,23.1,12.8,5.9,49.0
35,334850,15.2,6.1,13.3,23.7,23.1,12.8,5.9,49.0
44,334850,15.2,6.1,13.3,23.7,23.1,12.8,5.9,49.0
54,334850,15.2,6.1,13.3,23.7,23.1,12.8,5.9,49.0
63,334850,15.2,6.1,13.3,23.7,23.1,12.8,5.9,49.0
72,334850,15.2,6.1,13.3,23.7,23.1,12.8,5.9,49.0
77,334850,15.2,6.1,13.3,23.7,23.1,12.8,5.9,49.0
81,334850,15.2,6.1,13.3,23.7,23.1,12.8,5.9,49.0
28,983,8.2,5.0,26.1,28.5,24.1,7.2,0.8,39.79
29,653,6.4,8.1,26.8,26.2,21.9,8.7,1.8,33.04
30,2378,15.0,7.7,25.9,27.5,13.3,8.2,2.4,16.2
31,2461,5.9,7.3,31.0,27.9,16.1,9.7,2.2,24.03
32,17567,6.6,3.9,24.0,29.8,23.4,11.1,1.2,27.45
33,5197,6.5,4.6,27.8,30.1,18.1,10.7,2.2,21.58
3,13875,4.1,10.4,30.5,25.1,18.4,9.8,1.7,64.0
8,13875,4.1,10.4,30.5,25.1,18.4,9.8,1.7,64.0
26,13875,4.1,10.4,30.5,25.1,18.4,9.8,1.7,64.0
34,13875,4.1,10.4,30.5,25.1,18.4,9.8,1.7,64.0
43,13875,4.1,10.4,30.5,25.1,18.4,9.8,1.7,64.0
53,13875,4.1,10.4,30.5,25.1,18.4,9.8,1.7,64.0
71,13875,4.1,10.4,30.5,25.1,18.4,9.8,1.7,64.0
76,13875,4.1,10.4,30.5,25.1,18.4,9.8,1.7,64.0
80,13875,4.1,10.4,30.5,25.1,18.4,9.8,1.7,64.0
3,13875,4.1,10.4,30.5,25.1,18.4,9.8,1.7,46.57
8,13875,4.1,10.4,30.5,25.1,18.4,9.8,1.7,46.57
26,13875,4.1,10.4,30.5,25.1,18.4,9.8,1.7,46.57
34,13875,4.1,10.4,30.5,25.1,18.4,9.8,1.7,46.57
43,13875,4.1,10.4,30.5,25.1,18.4,9.8,1.7,46.57
53,13875,4.1,10.4,30.5,25.1,18.4,9.8,1.7,46.57
71,13875,4.1,10.4,30.5,25.1,18.4,9.8,1.7,46.57
76,13875,4.1,10.4,30.5,25.1,18.4,9.8,1.7,46.57
80,13875,4.1,10.4,30.5,25.1,18.4,9.8,1.7,46.57
3,13875,4.1,10.4,30.5,25.1,18.4,9.8,1.7,26.48
8,13875,4.1,10.4,30.5,25.1,18.4,9.8,1.7,26.48
26,13875,4.1,10.4,30.5,25.1,18.4,9.8,1.7,26.48
34,13875,4.1,10.4,30.5,25.1,18.4,9.8,1.7,26.48
43,13875,4.1,10.4,30.5,25.1,18.4,9.8,1.7,26.48
53,13875,4.1,10.4,30.5,25.1,18.4,9.8,1.7,26.48
71,13875,4.1,10.4,30.5,25.1,18.4,9.8,1.7,26.48
76,13875,4.1,10.4,30.5,25.1,18.4,9.8,1.7,26.48
80,13875,4.1,10.4,30.5,25.1,18.4,9.8,1.7,26.48
3,13875,4.1,10.4,30.5,25.1,18.4,9.8,1.7,25.16
8,13875,4.1,10.4,30.5,25.1,18.4,9.8,1.7,25.16
26,13875,4.1,10.4,30.5,25.1,18.4,9.8,1.7,25.16
34,13875,4.1,10.4,30.5,25.1,18.4,9.8,1.7,25.16
43,13875,4.1,10.4,30.5,25.1,18.4,9.8,1.7,25.16
53,13875,4.1,10.4,30.5,25.1,18.4,9.8,1.7,25.16
71,13875,4.1,10.4,30.5,25.1,18.4,9.8,1.7,25.16
76,13875,4.1,10.4,30.5,25.1,18.4,9.8,1.7,25.16
80,13875,4.1,10.4,30.5,25.1,18.4,9.8,1.7,25.16
3,13875,4.1,10.4,30.5,25.1,18.4,9.8,1.7,42.93
8,13875,4.1,10.4,30.5,25.1,18.4,9.8,1.7,42.93
26,13875,4.1,10.4,30.5,25.1,18.4,9.8,1.7,42.93
34,13875,4.1,10.4,30.5,25.1,18.4,9.8,1.7,42.93
43,13875,4.1,10.4,30.5,25.1,18.4,9.8,1.7,42.93
53,13875,4.1,10.4,30.5,25.1,18.4,9.8,1.7,42.93
71,13875,4.1,10.4,30.5,25.1,18.4,9.8,1.7,42.93
76,13875,4.1,10.4,30.5,25.1,18.4,9.8,1.7,42.93
80,13875,4.1,10.4,30.5,25.1,18.4,9.8,1.7,42.93
3,13875,4.1,10.4,30.5,25.1,18.4,9.8,1.7,27.15
8,13875,4.1,10.4,30.5,25.1,18.4,9.8,1.7,27.15
26,13875,4.1,10.4,30.5,25.1,18.4,9.8,1.7,27.15
34,13875,4.1,10.4,30.5,25.1,18.4,9.8,1.7,27.15
43,13875,4.1,10.4,30.5,25.1,18.4,9.8,1.7,27.15
53,13875,4.1,10.4,30.5,25.1,18.4,9.8,1.7,27.15
71,13875,4.1,10.4,30.5,25.1,18.4,9.8,1.7,27.15
76,13875,4.1,10.4,30.5,25.1,18.4,9.8,1.7,27.15
80,13875,4.1,10.4,30.5,25.1,18.4,9.8,1.7,27.15
3,13875,4.1,10.4,30.5,25.1,18.4,9.8,1.7,102.51
8,13875,4.1,10.4,30.5,25.1,18.4,9.8,1.7,102.51
26,13875,4.1,10.4,30.5,25.1,18.4,9.8,1.7,102.51
34,13875,4.1,10.4,30.5,25.1,18.4,9.8,1.7,102.51
43,13875,4.1,10.4,30.5,25.1,18.4,9.8,1.7,102.51
53,13875,4.1,10.4,30.5,25.1,18.4,9.8,1.7,102.51
71,13875,4.1,10.4,30.5,25.1,18.4,9.8,1.7,102.51
76,13875,4.1,10.4,30.5,25.1,18.4,9.8,1.7,102.51
80,13875,4.1,10.4,30.5,25.1,18.4,9.8,1.7,102.51
3,13875,4.1,10.4,30.5,25.1,18.4,9.8,1.7,134.01
8,13875,4.1,10.4,30.5,25.1,18.4,9.8,1.7,134.01
26,13875,4.1,10.4,30.5,25.1,18.4,9.8,1.7,134.01
34,13875,4.1,10.4,30.5,25.1,18.4,9.8,1.7,134.01
43,13875,4.1,10.4,30.5,25.1,18.4,9.8,1.7,134.01
53,13875,4.1,10.4,30.5,25.1,18.4,9.8,1.7,134.01
71,13875,4.1,10.4,30.5,25.1,18.4,9.8,1.7,134.01
76,13875,4.1,10.4,30.5,25.1,18.4,9.8,1.7,134.01
80,13875,4.1,10.4,30.5,25.1,18.4,9.8,1.7,134.01
3,13875,4.1,10.4,30.5,25.1,18.4,9.8,1.7,53.25
8,13875,4.1,10.4,30.5,25.1,18.4,9.8,1.7,53.25
26,13875,4.1,10.4,30.5,25.1,18.4,9.8,1.7,53.25
34,13875,4.1,10.4,30.5,25.1,18.4,9.8,1.7,53.25
43,13875,4.1,10.4,30.5,25.1,18.4,9.8,1.7,53.25
53,13875,4.1,10.4,30.5,25.1,18.4,9.8,1.7,53.25
71,13875,4.1,10.4,30.5,25.1,18.4,9.8,1.7,53.25
76,13875,4.1,10.4,30.5,25.1,18.4,9.8,1.7,53.25
80,13875,4.1,10.4,30.5,25.1,18.4,9.8,1.7,53.25
4,43114,6.5,6.3,28.8,28.5,17.7,10.0,2.1,35.0
9,43114,6.5,6.3,28.8,28.5,17.7,10.0,2.1,35.0
27,43114,6.5,6.3,28.8,28.5,17.7,10.0,2.1,35.0
35,43114,6.5,6.3,28.8,28.5,17.7,10.0,2.1,35.0
44,43114,6.5,6.3,28.8,28.5,17.7,10.0,2.1,35.0
54,43114,6.5,6.3,28.8,28.5,17.7,10.0,2.1,35.0
63,43114,6.5,6.3,28.8,28.5,17.7,10.0,2.1,35.0
72,43114,6.5,6.3,28.8,28.5,17.7,10.0,2.1,35.0
77,43114,6.5,6.3,28.8,28.5,17.7,10.0,2.1,35.0
81,43114,6.5,6.3,28.8,28.5,17.7,10.0,2.1,35.0
4,43114,6.5,6.3,28.8,28.5,17.7,10.0,2.1,49.0
9,43114,6.5,6.3,28.8,28.5,17.7,10.0,2.1,49.0
27,43114,6.5,6.3,28.8,28.5,17.7,10.0,2.1,49.0
35,43114,6.5,6.3,28.8,28.5,17.7,10.0,2.1,49.0
44,43114,6.5,6.3,28.8,28.5,17.7,10.0,2.1,49.0
54,43114,6.5,6.3,28.8,28.5,17.7,10.0,2.1,49.0
63,43114,6.5,6.3,28.8,28.5,17.7,10.0,2.1,49.0
72,43114,6.5,6.3,28.8,28.5,17.7,10.0,2.1,49.0
77,43114,6.5,6.3,28.8,28.5,17.7,10.0,2.1,49.0
81,43114,6.5,6.3,28.8,28.5,17.7,10.0,2.1,49.0
4,43114,6.5,6.3,28.8,28.5,17.7,10.0,2.1,31.0
9,43114,6.5,6.3,28.8,28.5,17.7,10.0,2.1,31.0
27,43114,6.5,6.3,28.8,28.5,17.7,10.0,2.1,31.0
35,43114,6.5,6.3,28.8,28.5,17.7,10.0,2.1,31.0
44,43114,6.5,6.3,28.8,28.5,17.7,10.0,2.1,31.0
54,43114,6.5,6.3,28.8,28.5,17.7,10.0,2.1,31.0
63,43114,6.5,6.3,28.8,28.5,17.7,10.0,2.1,31.0
72,43114,6.5,6.3,28.8,28.5,17.7,10.0,2.1,31.0
77,43114,6.5,6.3,28.8,28.5,17.7,10.0,2.1,31.0
81,43114,6.5,6.3,28.8,28.5,17.7,10.0,2.1,31.0
4,43114,6.5,6.3,28.8,28.5,17.7,10.0,2.1,25.0
9,43114,6.5,6.3,28.8,28.5,17.7,10.0,2.1,25.0
27,43114,6.5,6.3,28.8,28.5,17.7,10.0,2.1,25.0
35,43114,6.5,6.3,28.8,28.5,17.7,10.0,2.1,25.0
44,43114,6.5,6.3,28.8,28.5,17.7,10.0,2.1,25.0
54,43114,6.5,6.3,28.8,28.5,17.7,10.0,2.1,25.0
63,43114,6.5,6.3,28.8,28.5,17.7,10.0,2.1,25.0
72,43114,6.5,6.3,28.8,28.5,17.7,10.0,2.1,25.0
77,43114,6.5,6.3,28.8,28.5,17.7,10.0,2.1,25.0
81,43114,6.5,6.3,28.8,28.5,17.7,10.0,2.1,25.0
4,43114,6.5,6.3,28.8,28.5,17.7,10.0,2.1,41.0
9,43114,6.5,6.3,28.8,28.5,17.7,10.0,2.1,41.0
27,43114,6.5,6.3,28.8,28.5,17.7,10.0,2.1,41.0
35,43114,6.5,6.3,28.8,28.5,17.7,10.0,2.1,41.0
44,43114,6.5,6.3,28.8,28.5,17.7,10.0,2.1,41.0
54,43114,6.5,6.3,28.8,28.5,17.7,10.0,2.1,41.0
63,43114,6.5,6.3,28.8,28.5,17.7,10.0,2.1,41.0
72,43114,6.5,6.3,28.8,28.5,17.7,10.0,2.1,41.0
77,43114,6.5,6.3,28.8,28.5,17.7,10.0,2.1,41.0
81,43114,6.5,6.3,28.8,28.5,17.7,10.0,2.1,41.0
4,43114,6.5,6.3,28.8,28.5,17.7,10.0,2.1,29.0
9,43114,6.5,6.3,28.8,28.5,17.7,10.0,2.1,29.0
27,43114,6.5,6.3,28.8,28.5,17.7,10.0,2.1,29.0
35,43114,6.5,6.3,28.8,28.5,17.7,10.0,2.1,29.0
44,43114,6.5,6.3,28.8,28.5,17.7,10.0,2.1,29.0
54,43114,6.5,6.3,28.8,28.5,17.7,10.0,2.1,29.0
63,43114,6.5,6.3,28.8,28.5,17.7,10.0,2.1,29.0
72,43114,6.5,6.3,28.8,28.5,17.7,10.0,2.1,29.0
77,43114,6.5,6.3,28.8,28.5,17.7,10.0,2.1,29.0
81,43114,6.5,6.3,28.8,28.5,17.7,10.0,2.1,29.0
4,43114,6.5,6.3,28.8,28.5,17.7,10.0,2.1,25.0
9,43114,6.5,6.3,28.8,28.5,17.7,10.0,2.1,25.0
27,43114,6.5,6.3,28.8,28.5,17.7,10.0,2.1,25.0
35,43114,6.5,6.3,28.8,28.5,17.7,10.0,2.1,25.0
44,43114,6.5,6.3,28.8,28.5,17.7,10.0,2.1,25.0
54,43114,6.5,6.3,28.8,28.5,17.7,10.0,2.1,25.0
63,43114,6.5,6.3,28.8,28.5,17.7,10.0,2.1,25.0
72,43114,6.5,6.3,28.8,28.5,17.7,10.0,2.1,25.0
77,43114,6.5,6.3,28.8,28.5,17.7,10.0,2.1,25.0
81,43114,6.5,6.3,28.8,28.5,17.7,10.0,2.1,25.0
4,43114,6.5,6.3,28.8,28.5,17.7,10.0,2.1,36.0
9,43114,6.5,6.3,28.8,28.5,17.7,10.0,2.1,36.0
27,43114,6.5,6.3,28.8,28.5,17.7,10.0,2.1,36.0
35,43114,6.5,6.3,28.8,28.5,17.7,10.0,2.1,36.0
44,43114,6.5,6.3,28.8,28.5,17.7,10.0,2.1,36.0
54,43114,6.5,6.3,28.8,28.5,17.7,10.0,2.1,36.0
63,43114,6.5,6.3,28.8,28.5,17.7,10.0,2.1,36.0
72,43114,6.5,6.3,28.8,28.5,17.7,10.0,2.1,36.0
77,43114,6.5,6.3,28.8,28.5,17.7,10.0,2.1,36.0
81,43114,6.5,6.3,28.8,28.5,17.7,10.0,2.1,36.0
4,43114,6.5,6.3,28.8,28.5,17.7,10.0,2.1,63.0
9,43114,6.5,6.3,28.8,28.5,17.7,10.0,2.1,63.0
27,43114,6.5,6.3,28.8,28.5,17.7,10.0,2.1,63.0
35,43114,6.5,6.3,28.8,28.5,17.7,10.0,2.1,63.0
44,43114,6.5,6.3,28.8,28.5,17.7,10.0,2.1,63.0
54,43114,6.5,6.3,28.8,28.5,17.7,10.0,2.1,63.0
63,43114,6.5,6.3,28.8,28.5,17.7,10.0,2.1,63.0
72,43114,6.5,6.3,28.8,28.5,17.7,10.0,2.1,63.0
77,43114,6.5,6.3,28.8,28.5,17.7,10.0,2.1,63.0
81,43114,6.5,6.3,28.8,28.5,17.7,10.0,2.1,63.0
4,43114,6.5,6.3,28.8,28.5,17.7,10.0,2.1,49.0
9,43114,6.5,6.3,28.8,28.5,17.7,10.0,2.1,49.0
27,43114,6.5,6.3,28.8,28.5,17.7,10.0,2.1,49.0
35,43114,6.5,6.3,28.8,28.5,17.7,10.0,2.1,49.0
44,43114,6.5,6.3,28.8,28.5,17.7,10.0,2.1,49.0
54,43114,6.5,6.3,28.8,28.5,17.7,10.0,2.1,49.0
63,43114,6.5,6.3,28.8,28.5,17.7,10.0,2.1,49.0
72,43114,6.5,6.3,28.8,28.5,17.7,10.0,2.1,49.0
77,43114,6.5,6.3,28.8,28.5,17.7,10.0,2.1,49.0
81,43114,6.5,6.3,28.8,28.5,17.7,10.0,2.1,49.0
36,1739,4.5,5.4,34.0,33.5,16.4,5.5,0.6,26.07
37,13373,7.9,8.8,18.3,21.9,21.0,14.7,7.4,33.92
38,2118,9.7,11.2,19.9,22.7,17.1,12.0,7.3,47.07
39,5516,4.5,27.1,25.1,22.7,11.4,7.0,2.3,53.53
40,3820,10.3,6.6,17.9,22.7,23.4,13.4,5.7,38.83
41,6781,5.3,17.5,25.6,23.2,16.3,8.9,3.3,49.03
42,6480,5.5,24.0,17.8,16.4,16.1,12.4,7.8,38.63
3,29087,5.6,18.8,30.6,21.4,12.4,7.5,3.7,64.0
8,29087,5.6,18.8,30.6,21.4,12.4,7.5,3.7,64.0
26,29087,5.6,18.8,30.6,21.4,12.4,7.5,3.7,64.0
34,29087,5.6,18.8,30.6,21.4,12.4,7.5,3.7,64.0
43,29087,5.6,18.8,30.6,21.4,12.4,7.5,3.7,64.0
53,29087,5.6,18.8,30.6,21.4,12.4,7.5,3.7,64.0
71,29087,5.6,18.8,30.6,21.4,12.4,7.5,3.7,64.0
76,29087,5.6,18.8,30.6,21.4,12.4,7.5,3.7,64.0
80,29087,5.6,18.8,30.6,21.4,12.4,7.5,3.7,64.0
3,29087,5.6,18.8,30.6,21.4,12.4,7.5,3.7,46.57
8,29087,5.6,18.8,30.6,21.4,12.4,7.5,3.7,46.57
26,29087,5.6,18.8,30.6,21.4,12.4,7.5,3.7,46.57
34,29087,5.6,18.8,30.6,21.4,12.4,7.5,3.7,46.57
43,29087,5.6,18.8,30.6,21.4,12.4,7.5,3.7,46.57
53,29087,5.6,18.8,30.6,21.4,12.4,7.5,3.7,46.57
71,29087,5.6,18.8,30.6,21.4,12.4,7.5,3.7,46.57
76,29087,5.6,18.8,30.6,21.4,12.4,7.5,3.7,46.57
80,29087,5.6,18.8,30.6,21.4,12.4,7.5,3.7,46.57
3,29087,5.6,18.8,30.6,21.4,12.4,7.5,3.7,26.48
8,29087,5.6,18.8,30.6,21.4,12.4,7.5,3.7,26.48
26,29087,5.6,18.8,30.6,21.4,12.4,7.5,3.7,26.48
34,29087,5.6,18.8,30.6,21.4,12.4,7.5,3.7,26.48
43,29087,5.6,18.8,30.6,21.4,12.4,7.5,3.7,26.48
53,29087,5.6,18.8,30.6,21.4,12.4,7.5,3.7,26.48
71,29087,5.6,18.8,30.6,21.4,12.4,7.5,3.7,26.48
76,29087,5.6,18.8,30.6,21.4,12.4,7.5,3.7,26.48
80,29087,5.6,18.8,30.6,21.4,12.4,7.5,3.7,26.48
3,29087,5.6,18.8,30.6,21.4,12.4,7.5,3.7,25.16
8,29087,5.6,18.8,30.6,21.4,12.4,7.5,3.7,25.16
26,29087,5.6,18.8,30.6,21.4,12.4,7.5,3.7,25.16
34,29087,5.6,18.8,30.6,21.4,12.4,7.5,3.7,25.16
43,29087,5.6,18.8,30.6,21.4,12.4,7.5,3.7,25.16
53,29087,5.6,18.8,30.6,21.4,12.4,7.5,3.7,25.16
71,29087,5.6,18.8,30.6,21.4,12.4,7.5,3.7,25.16
76,29087,5.6,18.8,30.6,21.4,12.4,7.5,3.7,25.16
80,29087,5.6,18.8,30.6,21.4,12.4,7.5,3.7,25.16
3,29087,5.6,18.8,30.6,21.4,12.4,7.5,3.7,42.93
8,29087,5.6,18.8,30.6,21.4,12.4,7.5,3.7,42.93
26,29087,5.6,18.8,30.6,21.4,12.4,7.5,3.7,42.93
34,29087,5.6,18.8,30.6,21.4,12.4,7.5,3.7,42.93
43,29087,5.6,18.8,30.6,21.4,12.4,7.5,3.7,42.93
53,29087,5.6,18.8,30.6,21.4,12.4,7.5,3.7,42.93
71,29087,5.6,18.8,30.6,21.4,12.4,7.5,3.7,42.93
76,29087,5.6,18.8,30.6,21.4,12.4,7.5,3.7,42.93
80,29087,5.6,18.8,30.6,21.4,12.4,7.5,3.7,42.93
3,29087,5.6,18.8,30.6,21.4,12.4,7.5,3.7,27.15
8,29087,5.6,18.8,30.6,21.4,12.4,7.5,3.7,27.15
26,29087,5.6,18.8,30.6,21.4,12.4,7.5,3.7,27.15
34,29087,5.6,18.8,30.6,21.4,12.4,7.5,3.7,27.15
43,29087,5.6,18.8,30.6,21.4,12.4,7.5,3.7,27.15
53,29087,5.6,18.8,30.6,21.4,12.4,7.5,3.7,27.15
71,29087,5.6,18.8,30.6,21.4,12.4,7.5,3.7,27.15
76,29087,5.6,18.8,30.6,21.4,12.4,7.5,3.7,27.15
80,29087,5.6,18.8,30.6,21.4,12.4,7.5,3.7,27.15
3,29087,5.6,18.8,30.6,21.4,12.4,7.5,3.7,102.51
8,29087,5.6,18.8,30.6,21.4,12.4,7.5,3.7,102.51
26,29087,5.6,18.8,30.6,21.4,12.4,7.5,3.7,102.51
34,29087,5.6,18.8,30.6,21.4,12.4,7.5,3.7,102.51
43,29087,5.6,18.8,30.6,21.4,12.4,7.5,3.7,102.51
53,29087,5.6,18.8,30.6,21.4,12.4,7.5,3.7,102.51
71,29087,5.6,18.8,30.6,21.4,12.4,7.5,3.7,102.51
76,29087,5.6,18.8,30.6,21.4,12.4,7.5,3.7,102.51
80,29087,5.6,18.8,30.6,21.4,12.4,7.5,3.7,102.51
3,29087,5.6,18.8,30.6,21.4,12.4,7.5,3.7,134.01
8,29087,5.6,18.8,30.6,21.4,12.4,7.5,3.7,134.01
26,29087,5.6,18.8,30.6,21.4,12.4,7.5,3.7,134.01
34,29087,5.6,18.8,30.6,21.4,12.4,7.5,3.7,134.01
43,29087,5.6,18.8,30.6,21.4,12.4,7.5,3.7,134.01
53,29087,5.6,18.8,30.6,21.4,12.4,7.5,3.7,134.01
71,29087,5.6,18.8,30.6,21.4,12.4,7.5,3.7,134.01
76,29087,5.6,18.8,30.6,21.4,12.4,7.5,3.7,134.01
80,29087,5.6,18.8,30.6,21.4,12.4,7.5,3.7,134.01
3,29087,5.6,18.8,30.6,21.4,12.4,7.5,3.7,53.25
8,29087,5.6,18.8,30.6,21.4,12.4,7.5,3.7,53.25
26,29087,5.6,18.8,30.6,21.4,12.4,7.5,3.7,53.25
34,29087,5.6,18.8,30.6,21.4,12.4,7.5,3.7,53.25
43,29087,5.6,18.8,30.6,21.4,12.4,7.5,3.7,53.25
53,29087,5.6,18.8,30.6,21.4,12.4,7.5,3.7,53.25
71,29087,5.6,18.8,30.6,21.4,12.4,7.5,3.7,53.25
76,29087,5.6,18.8,30.6,21.4,12.4,7.5,3.7,53.25
80,29087,5.6,18.8,30.6,21.4,12.4,7.5,3.7,53.25
4,68914,6.3,16.6,25.1,21.7,15.6,9.9,4.8,35.0
9,68914,6.3,16.6,25.1,21.7,15.6,9.9,4.8,35.0
27,68914,6.3,16.6,25.1,21.7,15.6,9.9,4.8,35.0
35,68914,6.3,16.6,25.1,21.7,15.6,9.9,4.8,35.0
44,68914,6.3,16.6,25.1,21.7,15.6,9.9,4.8,35.0
54,68914,6.3,16.6,25.1,21.7,15.6,9.9,4.8,35.0
63,68914,6.3,16.6,25.1,21.7,15.6,9.9,4.8,35.0
72,68914,6.3,16.6,25.1,21.7,15.6,9.9,4.8,35.0
77,68914,6.3,16.6,25.1,21.7,15.6,9.9,4.8,35.0
81,68914,6.3,16.6,25.1,21.7,15.6,9.9,4.8,35.0
4,68914,6.3,16.6,25.1,21.7,15.6,9.9,4.8,49.0
9,68914,6.3,16.6,25.1,21.7,15.6,9.9,4.8,49.0
27,68914,6.3,16.6,25.1,21.7,15.6,9.9,4.8,49.0
35,68914,6.3,16.6,25.1,21.7,15.6,9.9,4.8,49.0
44,68914,6.3,16.6,25.1,21.7,15.6,9.9,4.8,49.0
54,68914,6.3,16.6,25.1,21.7,15.6,9.9,4.8,49.0
63,68914,6.3,16.6,25.1,21.7,15.6,9.9,4.8,49.0
72,68914,6.3,16.6,25.1,21.7,15.6,9.9,4.8,49.0
77,68914,6.3,16.6,25.1,21.7,15.6,9.9,4.8,49.0
81,68914,6.3,16.6,25.1,21.7,15.6,9.9,4.8,49.0
4,68914,6.3,16.6,25.1,21.7,15.6,9.9,4.8,31.0
9,68914,6.3,16.6,25.1,21.7,15.6,9.9,4.8,31.0
27,68914,6.3,16.6,25.1,21.7,15.6,9.9,4.8,31.0
35,68914,6.3,16.6,25.1,21.7,15.6,9.9,4.8,31.0
44,68914,6.3,16.6,25.1,21.7,15.6,9.9,4.8,31.0
54,68914,6.3,16.6,25.1,21.7,15.6,9.9,4.8,31.0
63,68914,6.3,16.6,25.1,21.7,15.6,9.9,4.8,31.0
72,68914,6.3,16.6,25.1,21.7,15.6,9.9,4.8,31.0
77,68914,6.3,16.6,25.1,21.7,15.6,9.9,4.8,31.0
81,68914,6.3,16.6,25.1,21.7,15.6,9.9,4.8,31.0
4,68914,6.3,16.6,25.1,21.7,15.6,9.9,4.8,25.0
9,68914,6.3,16.6,25.1,21.7,15.6,9.9,4.8,25.0
27,68914,6.3,16.6,25.1,21.7,15.6,9.9,4.8,25.0
35,68914,6.3,16.6,25.1,21.7,15.6,9.9,4.8,25.0
44,68914,6.3,16.6,25.1,21.7,15.6,9.9,4.8,25.0
54,68914,6.3,16.6,25.1,21.7,15.6,9.9,4.8,25.0
63,68914,6.3,16.6,25.1,21.7,15.6,9.9,4.8,25.0
72,68914,6.3,16.6,25.1,21.7,15.6,9.9,4.8,25.0
77,68914,6.3,16.6,25.1,21.7,15.6,9.9,4.8,25.0
81,68914,6.3,16.6,25.1,21.7,15.6,9.9,4.8,25.0
4,68914,6.3,16.6,25.1,21.7,15.6,9.9,4.8,41.0
9,68914,6.3,16.6,25.1,21.7,15.6,9.9,4.8,41.0
27,68914,6.3,16.6,25.1,21.7,15.6,9.9,4.8,41.0
35,68914,6.3,16.6,25.1,21.7,15.6,9.9,4.8,41.0
44,68914,6.3,16.6,25.1,21.7,15.6,9.9,4.8,41.0
54,68914,6.3,16.6,25.1,21.7,15.6,9.9,4.8,41.0
63,68914,6.3,16.6,25.1,21.7,15.6,9.9,4.8,41.0
72,68914,6.3,16.6,25.1,21.7,15.6,9.9,4.8,41.0
77,68914,6.3,16.6,25.1,21.7,15.6,9.9,4.8,41.0
81,68914,6.3,16.6,25.1,21.7,15.6,9.9,4.8,41.0
4,68914,6.3,16.6,25.1,21.7,15.6,9.9,4.8,29.0
9,68914,6.3,16.6,25.1,21.7,15.6,9.9,4.8,29.0
27,68914,6.3,16.6,25.1,21.7,15.6,9.9,4.8,29.0
35,68914,6.3,16.6,25.1,21.7,15.6,9.9,4.8,29.0
44,68914,6.3,16.6,25.1,21.7,15.6,9.9,4.8,29.0
54,68914,6.3,16.6,25.1,21.7,15.6,9.9,4.8,29.0
63,68914,6.3,16.6,25.1,21.7,15.6,9.9,4.8,29.0
72,68914,6.3,16.6,25.1,21.7,15.6,9.9,4.8,29.0
77,68914,6.3,16.6,25.1,21.7,15.6,9.9,4.8,29.0
81,68914,6.3,16.6,25.1,21.7,15.6,9.9,4.8,29.0
4,68914,6.3,16.6,25.1,21.7,15.6,9.9,4.8,25.0
9,68914,6.3,16.6,25.1,21.7,15.6,9.9,4.8,25.0
27,68914,6.3,16.6,25.1,21.7,15.6,9.9,4.8,25.0
35,68914,6.3,16.6,25.1,21.7,15.6,9.9,4.8,25.0
44,68914,6.3,16.6,25.1,21.7,15.6,9.9,4.8,25.0
54,68914,6.3,16.6,25.1,21.7,15.6,9.9,4.8,25.0
63,68914,6.3,16.6,25.1,21.7,15.6,9.9,4.8,25.0
72,68914,6.3,16.6,25.1,21.7,15.6,9.9,4.8,25.0
77,68914,6.3,16.6,25.1,21.7,15.6,9.9,4.8,25.0
81,68914,6.3,16.6,25.1,21.7,15.6,9.9,4.8,25.0
4,68914,6.3,16.6,25.1,21.7,15.6,9.9,4.8,36.0
9,68914,6.3,16.6,25.1,21.7,15.6,9.9,4.8,36.0
27,68914,6.3,16.6,25.1,21.7,15.6,9.9,4.8,36.0
35,68914,6.3,16.6,25.1,21.7,15.6,9.9,4.8,36.0
44,68914,6.3,16.6,25.1,21.7,15.6,9.9,4.8,36.0
54,68914,6.3,16.6,25.1,21.7,15.6,9.9,4.8,36.0
63,68914,6.3,16.6,25.1,21.7,15.6,9.9,4.8,36.0
72,68914,6.3,16.6,25.1,21.7,15.6,9.9,4.8,36.0
77,68914,6.3,16.6,25.1,21.7,15.6,9.9,4.8,36.0
81,68914,6.3,16.6,25.1,21.7,15.6,9.9,4.8,36.0
4,68914,6.3,16.6,25.1,21.7,15.6,9.9,4.8,63.0
9,68914,6.3,16.6,25.1,21.7,15.6,9.9,4.8,63.0
27,68914,6.3,16.6,25.1,21.7,15.6,9.9,4.8,63.0
35,68914,6.3,16.6,25.1,21.7,15.6,9.9,4.8,63.0
44,68914,6.3,16.6,25.1,21.7,15.6,9.9,4.8,63.0
54,68914,6.3,16.6,25.1,21.7,15.6,9.9,4.8,63.0
63,68914,6.3,16.6,25.1,21.7,15.6,9.9,4.8,63.0
72,68914,6.3,16.6,25.1,21.7,15.6,9.9,4.8,63.0
77,68914,6.3,16.6,25.1,21.7,15.6,9.9,4.8,63.0
81,68914,6.3,16.6,25.1,21.7,15.6,9.9,4.8,63.0
4,68914,6.3,16.6,25.1,21.7,15.6,9.9,4.8,49.0
9,68914,6.3,16.6,25.1,21.7,15.6,9.9,4.8,49.0
27,68914,6.3,16.6,25.1,21.7,15.6,9.9,4.8,49.0
35,68914,6.3,16.6,25.1,21.7,15.6,9.9,4.8,49.0
44,68914,6.3,16.6,25.1,21.7,15.6,9.9,4.8,49.0
54,68914,6.3,16.6,25.1,21.7,15.6,9.9,4.8,49.0
63,68914,6.3,16.6,25.1,21.7,15.6,9.9,4.8,49.0
72,68914,6.3,16.6,25.1,21.7,15.6,9.9,4.8,49.0
77,68914,6.3,16.6,25.1,21.7,15.6,9.9,4.8,49.0
81,68914,6.3,16.6,25.1,21.7,15.6,9.9,4.8,49.0
45,1727,13.2,8.2,16.9,13.3,14.7,20.5,13.2,46.46
46,16213,7.0,8.7,21.9,20.2,19.6,14.7,7.8,26.22
47,4601,7.0,5.9,13.1,22.3,28.2,17.2,6.4,20.79
48,10174,7.8,6.3,23.7,25.5,16.7,12.3,7.7,19.21
49,1088,22.6,6.8,24.9,22.7,15.7,6.1,1.2,48.57
50,3710,2.1,2.1,26.7,38.1,19.5,11.1,0.5,17.32
51,3927,10.0,8.1,17.7,19.6,15.2,17.6,11.8,19.47
52,6235,8.4,14.8,22.9,24.2,14.1,9.8,5.8,72.61
3,4499,4.6,14.4,29.4,23.2,14.7,10.1,3.7,64.0
8,4499,4.6,14.4,29.4,23.2,14.7,10.1,3.7,64.0
26,4499,4.6,14.4,29.4,23.2,14.7,10.1,3.7,64.0
34,4499,4.6,14.4,29.4,23.2,14.7,10.1,3.7,64.0
43,4499,4.6,14.4,29.4,23.2,14.7,10.1,3.7,64.0
53,4499,4.6,14.4,29.4,23.2,14.7,10.1,3.7,64.0
71,4499,4.6,14.4,29.4,23.2,14.7,10.1,3.7,64.0
76,4499,4.6,14.4,29.4,23.2,14.7,10.1,3.7,64.0
80,4499,4.6,14.4,29.4,23.2,14.7,10.1,3.7,64.0
3,4499,4.6,14.4,29.4,23.2,14.7,10.1,3.7,46.57
8,4499,4.6,14.4,29.4,23.2,14.7,10.1,3.7,46.57
26,4499,4.6,14.4,29.4,23.2,14.7,10.1,3.7,46.57
34,4499,4.6,14.4,29.4,23.2,14.7,10.1,3.7,46.57
43,4499,4.6,14.4,29.4,23.2,14.7,10.1,3.7,46.57
53,4499,4.6,14.4,29.4,23.2,14.7,10.1,3.7,46.57
71,4499,4.6,14.4,29.4,23.2,14.7,10.1,3.7,46.57
76,4499,4.6,14.4,29.4,23.2,14.7,10.1,3.7,46.57
80,4499,4.6,14.4,29.4,23.2,14.7,10.1,3.7,46.57
3,4499,4.6,14.4,29.4,23.2,14.7,10.1,3.7,26.48
8,4499,4.6,14.4,29.4,23.2,14.7,10.1,3.7,26.48
26,4499,4.6,14.4,29.4,23.2,14.7,10.1,3.7,26.48
34,4499,4.6,14.4,29.4,23.2,14.7,10.1,3.7,26.48
43,4499,4.6,14.4,29.4,23.2,14.7,10.1,3.7,26.48
53,4499,4.6,14.4,29.4,23.2,14.7,10.1,3.7,26.48
71,4499,4.6,14.4,29.4,23.2,14.7,10.1,3.7,26.48
76,4499,4.6,14.4,29.4,23.2,14.7,10.1,3.7,26.48
80,4499,4.6,14.4,29.4,23.2,14.7,10.1,3.7,26.48
3,4499,4.6,14.4,29.4,23.2,14.7,10.1,3.7,25.16
8,4499,4.6,14.4,29.4,23.2,14.7,10.1,3.7,25.16
26,4499,4.6,14.4,29.4,23.2,14.7,10.1,3.7,25.16
34,4499,4.6,14.4,29.4,23.2,14.7,10.1,3.7,25.16
43,4499,4.6,14.4,29.4,23.2,14.7,10.1,3.7,25.16
53,4499,4.6,14.4,29.4,23.2,14.7,10.1,3.7,25.16
71,4499,4.6,14.4,29.4,23.2,14.7,10.1,3.7,25.16
76,4499,4.6,14.4,29.4,23.2,14.7,10.1,3.7,25.16
80,4499,4.6,14.4,29.4,23.2,14.7,10.1,3.7,25.16
3,4499,4.6,14.4,29.4,23.2,14.7,10.1,3.7,42.93
8,4499,4.6,14.4,29.4,23.2,14.7,10.1,3.7,42.93
26,4499,4.6,14.4,29.4,23.2,14.7,10.1,3.7,42.93
34,4499,4.6,14.4,29.4,23.2,14.7,10.1,3.7,42.93
43,4499,4.6,14.4,29.4,23.2,14.7,10.1,3.7,42.93
53,4499,4.6,14.4,29.4,23.2,14.7,10.1,3.7,42.93
71,4499,4.6,14.4,29.4,23.2,14.7,10.1,3.7,42.93
76,4499,4.6,14.4,29.4,23.2,14.7,10.1,3.7,42.93
80,4499,4.6,14.4,29.4,23.2,14.7,10.1,3.7,42.93
3,4499,4.6,14.4,29.4,23.2,14.7,10.1,3.7,27.15
8,4499,4.6,14.4,29.4,23.2,14.7,10.1,3.7,27.15
26,4499,4.6,14.4,29.4,23.2,14.7,10.1,3.7,27.15
34,4499,4.6,14.4,29.4,23.2,14.7,10.1,3.7,27.15
43,4499,4.6,14.4,29.4,23.2,14.7,10.1,3.7,27.15
53,4499,4.6,14.4,29.4,23.2,14.7,10.1,3.7,27.15
71,4499,4.6,14.4,29.4,23.2,14.7,10.1,3.7,27.15
76,4499,4.6,14.4,29.4,23.2,14.7,10.1,3.7,27.15
80,4499,4.6,14.4,29.4,23.2,14.7,10.1,3.7,27.15
3,4499,4.6,14.4,29.4,23.2,14.7,10.1,3.7,102.51
8,4499,4.6,14.4,29.4,23.2,14.7,10.1,3.7,102.51
26,4499,4.6,14.4,29.4,23.2,14.7,10.1,3.7,102.51
34,4499,4.6,14.4,29.4,23.2,14.7,10.1,3.7,102.51
43,4499,4.6,14.4,29.4,23.2,14.7,10.1,3.7,102.51
53,4499,4.6,14.4,29.4,23.2,14.7,10.1,3.7,102.51
71,4499,4.6,14.4,29.4,23.2,14.7,10.1,3.7,102.51
76,4499,4.6,14.4,29.4,23.2,14.7,10.1,3.7,102.51
80,4499,4.6,14.4,29.4,23.2,14.7,10.1,3.7,102.51
3,4499,4.6,14.4,29.4,23.2,14.7,10.1,3.7,134.01
8,4499,4.6,14.4,29.4,23.2,14.7,10.1,3.7,134.01
26,4499,4.6,14.4,29.4,23.2,14.7,10.1,3.7,134.01
34,4499,4.6,14.4,29.4,23.2,14.7,10.1,3.7,134.01
43,4499,4.6,14.4,29.4,23.2,14.7,10.1,3.7,134.01
53,4499,4.6,14.4,29.4,23.2,14.7,10.1,3.7,134.01
71,4499,4.6,14.4,29.4,23.2,14.7,10.1,3.7,134.01
76,4499,4.6,14.4,29.4,23.2,14.7,10.1,3.7,134.01
80,4499,4.6,14.4,29.4,23.2,14.7,10.1,3.7,134.01
3,4499,4.6,14.4,29.4,23.2,14.7,10.1,3.7,53.25
8,4499,4.6,14.4,29.4,23.2,14.7,10.1,3.7,53.25
26,4499,4.6,14.4,29.4,23.2,14.7,10.1,3.7,53.25
34,4499,4.6,14.4,29.4,23.2,14.7,10.1,3.7,53.25
43,4499,4.6,14.4,29.4,23.2,14.7,10.1,3.7,53.25
53,4499,4.6,14.4,29.4,23.2,14.7,10.1,3.7,53.25
71,4499,4.6,14.4,29.4,23.2,14.7,10.1,3.7,53.25
76,4499,4.6,14.4,29.4,23.2,14.7,10.1,3.7,53.25
80,4499,4.6,14.4,29.4,23.2,14.7,10.1,3.7,53.25
4,52174,7.5,8.6,22.2,23.2,18.1,13.5,6.9,35.0
9,52174,7.5,8.6,22.2,23.2,18.1,13.5,6.9,35.0
27,52174,7.5,8.6,22.2,23.2,18.1,13.5,6.9,35.0
35,52174,7.5,8.6,22.2,23.2,18.1,13.5,6.9,35.0
44,52174,7.5,8.6,22.2,23.2,18.1,13.5,6.9,35.0
54,52174,7.5,8.6,22.2,23.2,18.1,13.5,6.9,35.0
63,52174,7.5,8.6,22.2,23.2,18.1,13.5,6.9,35.0
72,52174,7.5,8.6,22.2,23.2,18.1,13.5,6.9,35.0
77,52174,7.5,8.6,22.2,23.2,18.1,13.5,6.9,35.0
81,52174,7.5,8.6,22.2,23.2,18.1,13.5,6.9,35.0
4,52174,7.5,8.6,22.2,23.2,18.1,13.5,6.9,49.0
9,52174,7.5,8.6,22.2,23.2,18.1,13.5,6.9,49.0
27,52174,7.5,8.6,22.2,23.2,18.1,13.5,6.9,49.0
35,52174,7.5,8.6,22.2,23.2,18.1,13.5,6.9,49.0
44,52174,7.5,8.6,22.2,23.2,18.1,13.5,6.9,49.0
54,52174,7.5,8.6,22.2,23.2,18.1,13.5,6.9,49.0
63,52174,7.5,8.6,22.2,23.2,18.1,13.5,6.9,49.0
72,52174,7.5,8.6,22.2,23.2,18.1,13.5,6.9,49.0
77,52174,7.5,8.6,22.2,23.2,18.1,13.5,6.9,49.0
81,52174,7.5,8.6,22.2,23.2,18.1,13.5,6.9,49.0
4,52174,7.5,8.6,22.2,23.2,18.1,13.5,6.9,31.0
9,52174,7.5,8.6,22.2,23.2,18.1,13.5,6.9,31.0
27,52174,7.5,8.6,22.2,23.2,18.1,13.5,6.9,31.0
35,52174,7.5,8.6,22.2,23.2,18.1,13.5,6.9,31.0
44,52174,7.5,8.6,22.2,23.2,18.1,13.5,6.9,31.0
54,52174,7.5,8.6,22.2,23.2,18.1,13.5,6.9,31.0
63,52174,7.5,8.6,22.2,23.2,18.1,13.5,6.9,31.0
72,52174,7.5,8.6,22.2,23.2,18.1,13.5,6.9,31.0
77,52174,7.5,8.6,22.2,23.2,18.1,13.5,6.9,31.0
81,52174,7.5,8.6,22.2,23.2,18.1,13.5,6.9,31.0
4,52174,7.5,8.6,22.2,23.2,18.1,13.5,6.9,25.0
9,52174,7.5,8.6,22.2,23.2,18.1,13.5,6.9,25.0
27,52174,7.5,8.6,22.2,23.2,18.1,13.5,6.9,25.0
35,52174,7.5,8.6,22.2,23.2,18.1,13.5,6.9,25.0
44,52174,7.5,8.6,22.2,23.2,18.1,13.5,6.9,25.0
54,52174,7.5,8.6,22.2,23.2,18.1,13.5,6.9,25.0
63,52174,7.5,8.6,22.2,23.2,18.1,13.5,6.9,25.0
72,52174,7.5,8.6,22.2,23.2,18.1,13.5,6.9,25.0
77,52174,7.5,8.6,22.2,23.2,18.1,13.5,6.9,25.0
81,52174,7.5,8.6,22.2,23.2,18.1,13.5,6.9,25.0
4,52174,7.5,8.6,22.2,23.2,18.1,13.5,6.9,41.0
9,52174,7.5,8.6,22.2,23.2,18.1,13.5,6.9,41.0
27,52174,7.5,8.6,22.2,23.2,18.1,13.5,6.9,41.0
35,52174,7.5,8.6,22.2,23.2,18.1,13.5,6.9,41.0
44,52174,7.5,8.6,22.2,23.2,18.1,13.5,6.9,41.0
54,52174,7.5,8.6,22.2,23.2,18.1,13.5,6.9,41.0
63,52174,7.5,8.6,22.2,23.2,18.1,13.5,6.9,41.0
72,52174,7.5,8.6,22.2,23.2,18.1,13.5,6.9,41.0
77,52174,7.5,8.6,22.2,23.2,18.1,13.5,6.9,41.0
81,52174,7.5,8.6,22.2,23.2,18.1,13.5,6.9,41.0
4,52174,7.5,8.6,22.2,23.2,18.1,13.5,6.9,29.0
9,52174,7.5,8.6,22.2,23.2,18.1,13.5,6.9,29.0
27,52174,7.5,8.6,22.2,23.2,18.1,13.5,6.9,29.0
35,52174,7.5,8.6,22.2,23.2,18.1,13.5,6.9,29.0
44,52174,7.5,8.6,22.2,23.2,18.1,13.5,6.9,29.0
54,52174,7.5,8.6,22.2,23.2,18.1,13.5,6.9,29.0
63,52174,7.5,8.6,22.2,23.2,18.1,13.5,6.9,29.0
72,52174,7.5,8.6,22.2,23.2,18.1,13.5,6.9,29.0
77,52174,7.5,8.6,22.2,23.2,18.1,13.5,6.9,29.0
81,52174,7.5,8.6,22.2,23.2,18.1,13.5,6.9,29.0
4,52174,7.5,8.6,22.2,23.2,18.1,13.5,6.9,25.0
9,52174,7.5,8.6,22.2,23.2,18.1,13.5,6.9,25.0
27,52174,7.5,8.6,22.2,23.2,18.1,13.5,6.9,25.0
35,52174,7.5,8.6,22.2,23.2,18.1,13.5,6.9,25.0
44,52174,7.5,8.6,22.2,23.2,18.1,13.5,6.9,25.0
54,52174,7.5,8.6,22.2,23.2,18.1,13.5,6.9,25.0
63,52174,7.5,8.6,22.2,23.2,18.1,13.5,6.9,25.0
72,52174,7.5,8.6,22.2,23.2,18.1,13.5,6.9,25.0
77,52174,7.5,8.6,22.2,23.2,18.1,13.5,6.9,25.0
81,52174,7.5,8.6,22.2,23.2,18.1,13.5,6.9,25.0
4,52174,7.5,8.6,22.2,23.2,18.1,13.5,6.9,36.0
9,52174,7.5,8.6,22.2,23.2,18.1,13.5,6.9,36.0
27,52174,7.5,8.6,22.2,23.2,18.1,13.5,6.9,36.0
35,52174,7.5,8.6,22.2,23.2,18.1,13.5,6.9,36.0
44,52174,7.5,8.6,22.2,23.2,18.1,13.5,6.9,36.0
54,52174,7.5,8.6,22.2,23.2,18.1,13.5,6.9,36.0
63,52174,7.5,8.6,22.2,23.2,18.1,13.5,6.9,36.0
72,52174,7.5,8.6,22.2,23.2,18.1,13.5,6.9,36.0
77,52174,7.5,8.6,22.2,23.2,18.1,13.5,6.9,36.0
81,52174,7.5,8.6,22.2,23.2,18.1,13.5,6.9,36.0
4,52174,7.5,8.6,22.2,23.2,18.1,13.5,6.9,63.0
9,52174,7.5,8.6,22.2,23.2,18.1,13.5,6.9,63.0
27,52174,7.5,8.6,22.2,23.2,18.1,13.5,6.9,63.0
35,52174,7.5,8.6,22.2,23.2,18.1,13.5,6.9,63.0
44,52174,7.5,8.6,22.2,23.2,18.1,13.5,6.9,63.0
54,52174,7.5,8.6,22.2,23.2,18.1,13.5,6.9,63.0
63,52174,7.5,8.6,22.2,23.2,18.1,13.5,6.9,63.0
72,52174,7.5,8.6,22.2,23.2,18.1,13.5,6.9,63.0
77,52174,7.5,8.6,22.2,23.2,18.1,13.5,6.9,63.0
81,52174,7.5,8.6,22.2,23.2,18.1,13.5,6.9,63.0
4,52174,7.5,8.6,22.2,23.2,18.1,13.5,6.9,49.0
9,52174,7.5,8.6,22.2,23.2,18.1,13.5,6.9,49.0
27,52174,7.5,8.6,22.2,23.2,18.1,13.5,6.9,49.0
35,52174,7.5,8.6,22.2,23.2,18.1,13.5,6.9,49.0
44,52174,7.5,8.6,22.2,23.2,18.1,13.5,6.9,49.0
54,52174,7.5,8.6,22.2,23.2,18.1,13.5,6.9,49.0
63,52174,7.5,8.6,22.2,23.2,18.1,13.5,6.9,49.0
72,52174,7.5,8.6,22.2,23.2,18.1,13.5,6.9,49.0
77,52174,7.5,8.6,22.2,23.2,18.1,13.5,6.9,49.0
81,52174,7.5,8.6,22.2,23.2,18.1,13.5,6.9,49.0
55,36451,9.4,18.9,30.8,19.8,10.3,7.2,3.6,22.92
56,240554,6.2,9.6,19.5,27.0,21.0,12.2,4.6,25.45
57,6081,3.0,33.5,33.8,15.5,8.8,3.5,1.8,31.77
58,2369,5.3,11.3,27.7,28.2,15.1,8.1,4.3,65.0
59,26571,11.9,7.9,21.8,22.3,17.5,12.2,6.5,22.23
60,52544,3.0,22.9,31.5,19.6,12.7,7.3,3.0,24.39
61,8163,4.3,9.8,29.8,30.9,15.8,7.7,1.6,62.21
62,25989,3.2,7.7,21.5,22.6,25.0,15.3,4.8,21.58
4,398722,6.1,12.2,22.9,24.6,18.6,11.1,4.3,35.0
9,398722,6.1,12.2,22.9,24.6,18.6,11.1,4.3,35.0
27,398722,6.1,12.2,22.9,24.6,18.6,11.1,4.3,35.0
35,398722,6.1,12.2,22.9,24.6,18.6,11.1,4.3,35.0
44,398722,6.1,12.2,22.9,24.6,18.6,11.1,4.3,35.0
54,398722,6.1,12.2,22.9,24.6,18.6,11.1,4.3,35.0
63,398722,6.1,12.2,22.9,24.6,18.6,11.1,4.3,35.0
72,398722,6.1,12.2,22.9,24.6,18.6,11.1,4.3,35.0
77,398722,6.1,12.2,22.9,24.6,18.6,11.1,4.3,35.0
81,398722,6.1,12.2,22.9,24.6,18.6,11.1,4.3,35.0
4,398722,6.1,12.2,22.9,24.6,18.6,11.1,4.3,49.0
9,398722,6.1,12.2,22.9,24.6,18.6,11.1,4.3,49.0
27,398722,6.1,12.2,22.9,24.6,18.6,11.1,4.3,49.0
35,398722,6.1,12.2,22.9,24.6,18.6,11.1,4.3,49.0
44,398722,6.1,12.2,22.9,24.6,18.6,11.1,4.3,49.0
54,398722,6.1,12.2,22.9,24.6,18.6,11.1,4.3,49.0
63,398722,6.1,12.2,22.9,24.6,18.6,11.1,4.3,49.0
72,398722,6.1,12.2,22.9,24.6,18.6,11.1,4.3,49.0
77,398722,6.1,12.2,22.9,24.6,18.6,11.1,4.3,49.0
81,398722,6.1,12.2,22.9,24.6,18.6,11.1,4.3,49.0
4,398722,6.1,12.2,22.9,24.6,18.6,11.1,4.3,31.0
9,398722,6.1,12.2,22.9,24.6,18.6,11.1,4.3,31.0
27,398722,6.1,12.2,22.9,24.6,18.6,11.1,4.3,31.0
35,398722,6.1,12.2,22.9,24.6,18.6,11.1,4.3,31.0
44,398722,6.1,12.2,22.9,24.6,18.6,11.1,4.3,31.0
54,398722,6.1,12.2,22.9,24.6,18.6,11.1,4.3,31.0
63,398722,6.1,12.2,22.9,24.6,18.6,11.1,4.3,31.0
72,398722,6.1,12.2,22.9,24.6,18.6,11.1,4.3,31.0
77,398722,6.1,12.2,22.9,24.6,18.6,11.1,4.3,31.0
81,398722,6.1,12.2,22.9,24.6,18.6,11.1,4.3,31.0
4,398722,6.1,12.2,22.9,24.6,18.6,11.1,4.3,25.0
9,398722,6.1,12.2,22.9,24.6,18.6,11.1,4.3,25.0
27,398722,6.1,12.2,22.9,24.6,18.6,11.1,4.3,25.0
35,398722,6.1,12.2,22.9,24.6,18.6,11.1,4.3,25.0
44,398722,6.1,12.2,22.9,24.6,18.6,11.1,4.3,25.0
54,398722,6.1,12.2,22.9,24.6,18.6,11.1,4.3,25.0
63,398722,6.1,12.2,22.9,24.6,18.6,11.1,4.3,25.0
72,398722,6.1,12.2,22.9,24.6,18.6,11.1,4.3,25.0
77,398722,6.1,12.2,22.9,24.6,18.6,11.1,4.3,25.0
81,398722,6.1,12.2,22.9,24.6,18.6,11.1,4.3,25.0
4,398722,6.1,12.2,22.9,24.6,18.6,11.1,4.3,41.0
9,398722,6.1,12.2,22.9,24.6,18.6,11.1,4.3,41.0
27,398722,6.1,12.2,22.9,24.6,18.6,11.1,4.3,41.0
35,398722,6.1,12.2,22.9,24.6,18.6,11.1,4.3,41.0
44,398722,6.1,12.2,22.9,24.6,18.6,11.1,4.3,41.0
54,398722,6.1,12.2,22.9,24.6,18.6,11.1,4.3,41.0
63,398722,6.1,12.2,22.9,24.6,18.6,11.1,4.3,41.0
72,398722,6.1,12.2,22.9,24.6,18.6,11.1,4.3,41.0
77,398722,6.1,12.2,22.9,24.6,18.6,11.1,4.3,41.0
81,398722,6.1,12.2,22.9,24.6,18.6,11.1,4.3,41.0
4,398722,6.1,12.2,22.9,24.6,18.6,11.1,4.3,29.0
9,398722,6.1,12.2,22.9,24.6,18.6,11.1,4.3,29.0
27,398722,6.1,12.2,22.9,24.6,18.6,11.1,4.3,29.0
35,398722,6.1,12.2,22.9,24.6,18.6,11.1,4.3,29.0
44,398722,6.1,12.2,22.9,24.6,18.6,11.1,4.3,29.0
54,398722,6.1,12.2,22.9,24.6,18.6,11.1,4.3,29.0
63,398722,6.1,12.2,22.9,24.6,18.6,11.1,4.3,29.0
72,398722,6.1,12.2,22.9,24.6,18.6,11.1,4.3,29.0
77,398722,6.1,12.2,22.9,24.6,18.6,11.1,4.3,29.0
81,398722,6.1,12.2,22.9,24.6,18.6,11.1,4.3,29.0
4,398722,6.1,12.2,22.9,24.6,18.6,11.1,4.3,25.0
9,398722,6.1,12.2,22.9,24.6,18.6,11.1,4.3,25.0
27,398722,6.1,12.2,22.9,24.6,18.6,11.1,4.3,25.0
35,398722,6.1,12.2,22.9,24.6,18.6,11.1,4.3,25.0
44,398722,6.1,12.2,22.9,24.6,18.6,11.1,4.3,25.0
54,398722,6.1,12.2,22.9,24.6,18.6,11.1,4.3,25.0
63,398722,6.1,12.2,22.9,24.6,18.6,11.1,4.3,25.0
72,398722,6.1,12.2,22.9,24.6,18.6,11.1,4.3,25.0
77,398722,6.1,12.2,22.9,24.6,18.6,11.1,4.3,25.0
81,398722,6.1,12.2,22.9,24.6,18.6,11.1,4.3,25.0
4,398722,6.1,12.2,22.9,24.6,18.6,11.1,4.3,36.0
9,398722,6.1,12.2,22.9,24.6,18.6,11.1,4.3,36.0
27,398722,6.1,12.2,22.9,24.6,18.6,11.1,4.3,36.0
35,398722,6.1,12.2,22.9,24.6,18.6,11.1,4.3,36.0
44,398722,6.1,12.2,22.9,24.6,18.6,11.1,4.3,36.0
54,398722,6.1,12.2,22.9,24.6,18.6,11.1,4.3,36.0
63,398722,6.1,12.2,22.9,24.6,18.6,11.1,4.3,36.0
72,398722,6.1,12.2,22.9,24.6,18.6,11.1,4.3,36.0
77,398722,6.1,12.2,22.9,24.6,18.6,11.1,4.3,36.0
81,398722,6.1,12.2,22.9,24.6,18.6,11.1,4.3,36.0
4,398722,6.1,12.2,22.9,24.6,18.6,11.1,4.3,63.0
9,398722,6.1,12.2,22.9,24.6,18.6,11.1,4.3,63.0
27,398722,6.1,12.2,22.9,24.6,18.6,11.1,4.3,63.0
35,398722,6.1,12.2,22.9,24.6,18.6,11.1,4.3,63.0
44,398722,6.1,12.2,22.9,24.6,18.6,11.1,4.3,63.0
54,398722,6.1,12.2,22.9,24.6,18.6,11.1,4.3,63.0
63,398722,6.1,12.2,22.9,24.6,18.6,11.1,4.3,63.0
72,398722,6.1,12.2,22.9,24.6,18.6,11.1,4.3,63.0
77,398722,6.1,12.2,22.9,24.6,18.6,11.1,4.3,63.0
81,398722,6.1,12.2,22.9,24.6,18.6,11.1,4.3,63.0
4,398722,6.1,12.2,22.9,24.6,18.6,11.1,4.3,49.0
9,398722,6.1,12.2,22.9,24.6,18.6,11.1,4.3,49.0
27,398722,6.1,12.2,22.9,24.6,18.6,11.1,4.3,49.0
35,398722,6.1,12.2,22.9,24.6,18.6,11.1,4.3,49.0
44,398722,6.1,12.2,22.9,24.6,18.6,11.1,4.3,49.0
54,398722,6.1,12.2,22.9,24.6,18.6,11.1,4.3,49.0
63,398722,6.1,12.2,22.9,24.6,18.6,11.1,4.3,49.0
72,398722,6.1,12.2,22.9,24.6,18.6,11.1,4.3,49.0
77,398722,6.1,12.2,22.9,24.6,18.6,11.1,4.3,49.0
81,398722,6.1,12.2,22.9,24.6,18.6,11.1,4.3,49.0
64,2105,5.8,9.2,27.6,26.8,20.2,6.8,3.6,31.23
65,6628,11.9,17.8,19.6,18.2,15.8,11.6,5.1,35.91
66,3013,3.4,12.6,33.2,22.2,15.2,9.9,3.6,60.72
67,6927,3.7,4.7,35.8,30.9,18.6,5.8,0.5,16.31
68,13407,13.0,9.9,10.2,17.9,30.2,14.6,4.2,31.61
69,4668,5.5,8.9,31.7,33.3,13.7,5.7,1.2,71.11
70,1104,2.4,8.2,41.0,28.3,14.1,5.0,0.9,22.89
3,622,2.3,13.0,35.7,24.8,10.9,9.2,4.2,64.0
8,622,2.3,13.0,35.7,24.8,10.9,9.2,4.2,64.0
26,622,2.3,13.0,35.7,24.8,10.9,9.2,4.2,64.0
34,622,2.3,13.0,35.7,24.8,10.9,9.2,4.2,64.0
43,622,2.3,13.0,35.7,24.8,10.9,9.2,4.2,64.0
53,622,2.3,13.0,35.7,24.8,10.9,9.2,4.2,64.0
71,622,2.3,13.0,35.7,24.8,10.9,9.2,4.2,64.0
76,622,2.3,13.0,35.7,24.8,10.9,9.2,4.2,64.0
80,622,2.3,13.0,35.7,24.8,10.9,9.2,4.2,64.0
3,622,2.3,13.0,35.7,24.8,10.9,9.2,4.2,46.57
8,622,2.3,13.0,35.7,24.8,10.9,9.2,4.2,46.57
26,622,2.3,13.0,35.7,24.8,10.9,9.2,4.2,46.57
34,622,2.3,13.0,35.7,24.8,10.9,9.2,4.2,46.57
43,622,2.3,13.0,35.7,24.8,10.9,9.2,4.2,46.57
53,622,2.3,13.0,35.7,24.8,10.9,9.2,4.2,46.57
71,622,2.3,13.0,35.7,24.8,10.9,9.2,4.2,46.57
76,622,2.3,13.0,35.7,24.8,10.9,9.2,4.2,46.57
80,622,2.3,13.0,35.7,24.8,10.9,9.2,4.2,46.57
3,622,2.3,13.0,35.7,24.8,10.9,9.2,4.2,26.48
8,622,2.3,13.0,35.7,24.8,10.9,9.2,4.2,26.48
26,622,2.3,13.0,35.7,24.8,10.9,9.2,4.2,26.48
34,622,2.3,13.0,35.7,24.8,10.9,9.2,4.2,26.48
43,622,2.3,13.0,35.7,24.8,10.9,9.2,4.2,26.48
53,622,2.3,13.0,35.7,24.8,10.9,9.2,4.2,26.48
71,622,2.3,13.0,35.7,24.8,10.9,9.2,4.2,26.48
76,622,2.3,13.0,35.7,24.8,10.9,9.2,4.2,26.48
80,622,2.3,13.0,35.7,24.8,10.9,9.2,4.2,26.48
3,622,2.3,13.0,35.7,24.8,10.9,9.2,4.2,25.16
8,622,2.3,13.0,35.7,24.8,10.9,9.2,4.2,25.16
26,622,2.3,13.0,35.7,24.8,10.9,9.2,4.2,25.16
34,622,2.3,13.0,35.7,24.8,10.9,9.2,4.2,25.16
43,622,2.3,13.0,35.7,24.8,10.9,9.2,4.2,25.16
53,622,2.3,13.0,35.7,24.8,10.9,9.2,4.2,25.16
71,622,2.3,13.0,35.7,24.8,10.9,9.2,4.2,25.16
76,622,2.3,13.0,35.7,24.8,10.9,9.2,4.2,25.16
80,622,2.3,13.0,35.7,24.8,10.9,9.2,4.2,25.16
3,622,2.3,13.0,35.7,24.8,10.9,9.2,4.2,42.93
8,622,2.3,13.0,35.7,24.8,10.9,9.2,4.2,42.93
26,622,2.3,13.0,35.7,24.8,10.9,9.2,4.2,42.93
34,622,2.3,13.0,35.7,24.8,10.9,9.2,4.2,42.93
43,622,2.3,13.0,35.7,24.8,10.9,9.2,4.2,42.93
53,622,2.3,13.0,35.7,24.8,10.9,9.2,4.2,42.93
71,622,2.3,13.0,35.7,24.8,10.9,9.2,4.2,42.93
76,622,2.3,13.0,35.7,24.8,10.9,9.2,4.2,42.93
80,622,2.3,13.0,35.7,24.8,10.9,9.2,4.2,42.93
3,622,2.3,13.0,35.7,24.8,10.9,9.2,4.2,27.15
8,622,2.3,13.0,35.7,24.8,10.9,9.2,4.2,27.15
26,622,2.3,13.0,35.7,24.8,10.9,9.2,4.2,27.15
34,622,2.3,13.0,35.7,24.8,10.9,9.2,4.2,27.15
43,622,2.3,13.0,35.7,24.8,10.9,9.2,4.2,27.15
53,622,2.3,13.0,35.7,24.8,10.9,9.2,4.2,27.15
71,622,2.3,13.0,35.7,24.8,10.9,9.2,4.2,27.15
76,622,2.3,13.0,35.7,24.8,10.9,9.2,4.2,27.15
80,622,2.3,13.0,35.7,24.8,10.9,9.2,4.2,27.15
3,622,2.3,13.0,35.7,24.8,10.9,9.2,4.2,102.51
8,622,2.3,13.0,35.7,24.8,10.9,9.2,4.2,102.51
26,622,2.3,13.0,35.7,24.8,10.9,9.2,4.2,102.51
34,622,2.3,13.0,35.7,24.8,10.9,9.2,4.2,102.51
43,622,2.3,13.0,35.7,24.8,10.9,9.2,4.2,102.51
53,622,2.3,13.0,35.7,24.8,10.9,9.2,4.2,102.51
71,622,2.3,13.0,35.7,24.8,10.9,9.2,4.2,102.51
76,622,2.3,13.0,35.7,24.8,10.9,9.2,4.2,102.51
80,622,2.3,13.0,35.7,24.8,10.9,9.2,4.2,102.51
3,622,2.3,13.0,35.7,24.8,10.9,9.2,4.2,134.01
8,622,2.3,13.0,35.7,24.8,10.9,9.2,4.2,134.01
26,622,2.3,13.0,35.7,24.8,10.9,9.2,4.2,134.01
34,622,2.3,13.0,35.7,24.8,10.9,9.2,4.2,134.01
43,622,2.3,13.0,35.7,24.8,10.9,9.2,4.2,134.01
53,622,2.3,13.0,35.7,24.8,10.9,9.2,4.2,134.01
71,622,2.3,13.0,35.7,24.8,10.9,9.2,4.2,134.01
76,622,2.3,13.0,35.7,24.8,10.9,9.2,4.2,134.01
80,622,2.3,13.0,35.7,24.8,10.9,9.2,4.2,134.01
3,622,2.3,13.0,35.7,24.8,10.9,9.2,4.2,53.25
8,622,2.3,13.0,35.7,24.8,10.9,9.2,4.2,53.25
26,622,2.3,13.0,35.7,24.8,10.9,9.2,4.2,53.25
34,622,2.3,13.0,35.7,24.8,10.9,9.2,4.2,53.25
43,622,2.3,13.0,35.7,24.8,10.9,9.2,4.2,53.25
53,622,2.3,13.0,35.7,24.8,10.9,9.2,4.2,53.25
71,622,2.3,13.0,35.7,24.8,10.9,9.2,4.2,53.25
76,622,2.3,13.0,35.7,24.8,10.9,9.2,4.2,53.25
80,622,2.3,13.0,35.7,24.8,10.9,9.2,4.2,53.25
4,38474,8.6,10.4,23.1,23.4,21.1,10.2,3.1,35.0
9,38474,8.6,10.4,23.1,23.4,21.1,10.2,3.1,35.0
27,38474,8.6,10.4,23.1,23.4,21.1,10.2,3.1,35.0
35,38474,8.6,10.4,23.1,23.4,21.1,10.2,3.1,35.0
44,38474,8.6,10.4,23.1,23.4,21.1,10.2,3.1,35.0
54,38474,8.6,10.4,23.1,23.4,21.1,10.2,3.1,35.0
63,38474,8.6,10.4,23.1,23.4,21.1,10.2,3.1,35.0
72,38474,8.6,10.4,23.1,23.4,21.1,10.2,3.1,35.0
77,38474,8.6,10.4,23.1,23.4,21.1,10.2,3.1,35.0
81,38474,8.6,10.4,23.1,23.4,21.1,10.2,3.1,35.0
4,38474,8.6,10.4,23.1,23.4,21.1,10.2,3.1,49.0
9,38474,8.6,10.4,23.1,23.4,21.1,10.2,3.1,49.0
27,38474,8.6,10.4,23.1,23.4,21.1,10.2,3.1,49.0
35,38474,8.6,10.4,23.1,23.4,21.1,10.2,3.1,49.0
44,38474,8.6,10.4,23.1,23.4,21.1,10.2,3.1,49.0
54,38474,8.6,10.4,23.1,23.4,21.1,10.2,3.1,49.0
63,38474,8.6,10.4,23.1,23.4,21.1,10.2,3.1,49.0
72,38474,8.6,10.4,23.1,23.4,21.1,10.2,3.1,49.0
77,38474,8.6,10.4,23.1,23.4,21.1,10.2,3.1,49.0
81,38474,8.6,10.4,23.1,23.4,21.1,10.2,3.1,49.0
4,38474,8.6,10.4,23.1,23.4,21.1,10.2,3.1,31.0
9,38474,8.6,10.4,23.1,23.4,21.1,10.2,3.1,31.0
27,38474,8.6,10.4,23.1,23.4,21.1,10.2,3.1,31.0
35,38474,8.6,10.4,23.1,23.4,21.1,10.2,3.1,31.0
44,38474,8.6,10.4,23.1,23.4,21.1,10.2,3.1,31.0
54,38474,8.6,10.4,23.1,23.4,21.1,10.2,3.1,31.0
63,38474,8.6,10.4,23.1,23.4,21.1,10.2,3.1,31.0
72,38474,8.6,10.4,23.1,23.4,21.1,10.2,3.1,31.0
77,38474,8.6,10.4,23.1,23.4,21.1,10.2,3.1,31.0
81,38474,8.6,10.4,23.1,23.4,21.1,10.2,3.1,31.0
4,38474,8.6,10.4,23.1,23.4,21.1,10.2,3.1,25.0
9,38474,8.6,10.4,23.1,23.4,21.1,10.2,3.1,25.0
27,38474,8.6,10.4,23.1,23.4,21.1,10.2,3.1,25.0
35,38474,8.6,10.4,23.1,23.4,21.1,10.2,3.1,25.0
44,38474,8.6,10.4,23.1,23.4,21.1,10.2,3.1,25.0
54,38474,8.6,10.4,23.1,23.4,21.1,10.2,3.1,25.0
63,38474,8.6,10.4,23.1,23.4,21.1,10.2,3.1,25.0
72,38474,8.6,10.4,23.1,23.4,21.1,10.2,3.1,25.0
77,38474,8.6,10.4,23.1,23.4,21.1,10.2,3.1,25.0
81,38474,8.6,10.4,23.1,23.4,21.1,10.2,3.1,25.0
4,38474,8.6,10.4,23.1,23.4,21.1,10.2,3.1,41.0
9,38474,8.6,10.4,23.1,23.4,21.1,10.2,3.1,41.0
27,38474,8.6,10.4,23.1,23.4,21.1,10.2,3.1,41.0
35,38474,8.6,10.4,23.1,23.4,21.1,10.2,3.1,41.0
44,38474,8.6,10.4,23.1,23.4,21.1,10.2,3.1,41.0
54,38474,8.6,10.4,23.1,23.4,21.1,10.2,3.1,41.0
63,38474,8.6,10.4,23.1,23.4,21.1,10.2,3.1,41.0
72,38474,8.6,10.4,23.1,23.4,21.1,10.2,3.1,41.0
77,38474,8.6,10.4,23.1,23.4,21.1,10.2,3.1,41.0
81,38474,8.6,10.4,23.1,23.4,21.1,10.2,3.1,41.0
4,38474,8.6,10.4,23.1,23.4,21.1,10.2,3.1,29.0
9,38474,8.6,10.4,23.1,23.4,21.1,10.2,3.1,29.0
27,38474,8.6,10.4,23.1,23.4,21.1,10.2,3.1,29.0
35,38474,8.6,10.4,23.1,23.4,21.1,10.2,3.1,29.0
44,38474,8.6,10.4,23.1,23.4,21.1,10.2,3.1,29.0
54,38474,8.6,10.4,23.1,23.4,21.1,10.2,3.1,29.0
63,38474,8.6,10.4,23.1,23.4,21.1,10.2,3.1,29.0
72,38474,8.6,10.4,23.1,23.4,21.1,10.2,3.1,29.0
77,38474,8.6,10.4,23.1,23.4,21.1,10.2,3.1,29.0
81,38474,8.6,10.4,23.1,23.4,21.1,10.2,3.1,29.0
4,38474,8.6,10.4,23.1,23.4,21.1,10.2,3.1,25.0
9,38474,8.6,10.4,23.1,23.4,21.1,10.2,3.1,25.0
27,38474,8.6,10.4,23.1,23.4,21.1,10.2,3.1,25.0
35,38474,8.6,10.4,23.1,23.4,21.1,10.2,3.1,25.0
44,38474,8.6,10.4,23.1,23.4,21.1,10.2,3.1,25.0
54,38474,8.6,10.4,23.1,23.4,21.1,10.2,3.1,25.0
63,38474,8.6,10.4,23.1,23.4,21.1,10.2,3.1,25.0
72,38474,8.6,10.4,23.1,23.4,21.1,10.2,3.1,25.0
77,38474,8.6,10.4,23.1,23.4,21.1,10.2,3.1,25.0
81,38474,8.6,10.4,23.1,23.4,21.1,10.2,3.1,25.0
4,38474,8.6,10.4,23.1,23.4,21.1,10.2,3.1,36.0
9,38474,8.6,10.4,23.1,23.4,21.1,10.2,3.1,36.0
27,38474,8.6,10.4,23.1,23.4,21.1,10.2,3.1,36.0
35,38474,8.6,10.4,23.1,23.4,21.1,10.2,3.1,36.0
44,38474,8.6,10.4,23.1,23.4,21.1,10.2,3.1,36.0
54,38474,8.6,10.4,23.1,23.4,21.1,10.2,3.1,36.0
63,38474,8.6,10.4,23.1,23.4,21.1,10.2,3.1,36.0
72,38474,8.6,10.4,23.1,23.4,21.1,10.2,3.1,36.0
77,38474,8.6,10.4,23.1,23.4,21.1,10.2,3.1,36.0
81,38474,8.6,10.4,23.1,23.4,21.1,10.2,3.1,36.0
4,38474,8.6,10.4,23.1,23.4,21.1,10.2,3.1,63.0
9,38474,8.6,10.4,23.1,23.4,21.1,10.2,3.1,63.0
27,38474,8.6,10.4,23.1,23.4,21.1,10.2,3.1,63.0
35,38474,8.6,10.4,23.1,23.4,21.1,10.2,3.1,63.0
44,38474,8.6,10.4,23.1,23.4,21.1,10.2,3.1,63.0
54,38474,8.6,10.4,23.1,23.4,21.1,10.2,3.1,63.0
63,38474,8.6,10.4,23.1,23.4,21.1,10.2,3.1,63.0
72,38474,8.6,10.4,23.1,23.4,21.1,10.2,3.1,63.0
77,38474,8.6,10.4,23.1,23.4,21.1,10.2,3.1,63.0
81,38474,8.6,10.4,23.1,23.4,21.1,10.2,3.1,63.0
4,38474,8.6,10.4,23.1,23.4,21.1,10.2,3.1,49.0
9,38474,8.6,10.4,23.1,23.4,21.1,10.2,3.1,49.0
27,38474,8.6,10.4,23.1,23.4,21.1,10.2,3.1,49.0
35,38474,8.6,10.4,23.1,23.4,21.1,10.2,3.1,49.0
44,38474,8.6,10.4,23.1,23.4,21.1,10.2,3.1,49.0
54,38474,8.6,10.4,23.1,23.4,21.1,10.2,3.1,49.0
63,38474,8.6,10.4,23.1,23.4,21.1,10.2,3.1,49.0
72,38474,8.6,10.4,23.1,23.4,21.1,10.2,3.1,49.0
77,38474,8.6,10.4,23.1,23.4,21.1,10.2,3.1,49.0
81,38474,8.6,10.4,23.1,23.4,21.1,10.2,3.1,49.0
73,3502,2.2,4.5,45.8,30.4,12.8,3.4,1.0,98.15
74,15358,5.0,2.7,19.9,24.4,31.4,14.9,1.8,53.79
75,13330,13.8,4.7,12.0,30.2,28.0,10.2,1.3,68.03
3,1572,5.1,6.2,25.1,26.7,24.6,9.9,2.4,64.0
8,1572,5.1,6.2,25.1,26.7,24.6,9.9,2.4,64.0
26,1572,5.1,6.2,25.1,26.7,24.6,9.9,2.4,64.0
34,1572,5.1,6.2,25.1,26.7,24.6,9.9,2.4,64.0
43,1572,5.1,6.2,25.1,26.7,24.6,9.9,2.4,64.0
53,1572,5.1,6.2,25.1,26.7,24.6,9.9,2.4,64.0
71,1572,5.1,6.2,25.1,26.7,24.6,9.9,2.4,64.0
76,1572,5.1,6.2,25.1,26.7,24.6,9.9,2.4,64.0
80,1572,5.1,6.2,25.1,26.7,24.6,9.9,2.4,64.0
3,1572,5.1,6.2,25.1,26.7,24.6,9.9,2.4,46.57
8,1572,5.1,6.2,25.1,26.7,24.6,9.9,2.4,46.57
26,1572,5.1,6.2,25.1,26.7,24.6,9.9,2.4,46.57
34,1572,5.1,6.2,25.1,26.7,24.6,9.9,2.4,46.57
43,1572,5.1,6.2,25.1,26.7,24.6,9.9,2.4,46.57
53,1572,5.1,6.2,25.1,26.7,24.6,9.9,2.4,46.57
71,1572,5.1,6.2,25.1,26.7,24.6,9.9,2.4,46.57
76,1572,5.1,6.2,25.1,26.7,24.6,9.9,2.4,46.57
80,1572,5.1,6.2,25.1,26.7,24.6,9.9,2.4,46.57
3,1572,5.1,6.2,25.1,26.7,24.6,9.9,2.4,26.48
8,1572,5.1,6.2,25.1,26.7,24.6,9.9,2.4,26.48
26,1572,5.1,6.2,25.1,26.7,24.6,9.9,2.4,26.48
34,1572,5.1,6.2,25.1,26.7,24.6,9.9,2.4,26.48
43,1572,5.1,6.2,25.1,26.7,24.6,9.9,2.4,26.48
53,1572,5.1,6.2,25.1,26.7,24.6,9.9,2.4,26.48
71,1572,5.1,6.2,25.1,26.7,24.6,9.9,2.4,26.48
76,1572,5.1,6.2,25.1,26.7,24.6,9.9,2.4,26.48
80,1572,5.1,6.2,25.1,26.7,24.6,9.9,2.4,26.48
3,1572,5.1,6.2,25.1,26.7,24.6,9.9,2.4,25.16
8,1572,5.1,6.2,25.1,26.7,24.6,9.9,2.4,25.16
26,1572,5.1,6.2,25.1,26.7,24.6,9.9,2.4,25.16
34,1572,5.1,6.2,25.1,26.7,24.6,9.9,2.4,25.16
43,1572,5.1,6.2,25.1,26.7,24.6,9.9,2.4,25.16
53,1572,5.1,6.2,25.1,26.7,24.6,9.9,2.4,25.16
71,1572,5.1,6.2,25.1,26.7,24.6,9.9,2.4,25.16
76,1572,5.1,6.2,25.1,26.7,24.6,9.9,2.4,25.16
80,1572,5.1,6.2,25.1,26.7,24.6,9.9,2.4,25.16
3,1572,5.1,6.2,25.1,26.7,24.6,9.9,2.4,42.93
8,1572,5.1,6.2,25.1,26.7,24.6,9.9,2.4,42.93
26,1572,5.1,6.2,25.1,26.7,24.6,9.9,2.4,42.93
34,1572,5.1,6.2,25.1,26.7,24.6,9.9,2.4,42.93
43,1572,5.1,6.2,25.1,26.7,24.6,9.9,2.4,42.93
53,1572,5.1,6.2,25.1,26.7,24.6,9.9,2.4,42.93
71,1572,5.1,6.2,25.1,26.7,24.6,9.9,2.4,42.93
76,1572,5.1,6.2,25.1,26.7,24.6,9.9,2.4,42.93
80,1572,5.1,6.2,25.1,26.7,24.6,9.9,2.4,42.93
3,1572,5.1,6.2,25.1,26.7,24.6,9.9,2.4,27.15
8,1572,5.1,6.2,25.1,26.7,24.6,9.9,2.4,27.15
26,1572,5.1,6.2,25.1,26.7,24.6,9.9,2.4,27.15
34,1572,5.1,6.2,25.1,26.7,24.6,9.9,2.4,27.15
43,1572,5.1,6.2,25.1,26.7,24.6,9.9,2.4,27.15
53,1572,5.1,6.2,25.1,26.7,24.6,9.9,2.4,27.15
71,1572,5.1,6.2,25.1,26.7,24.6,9.9,2.4,27.15
76,1572,5.1,6.2,25.1,26.7,24.6,9.9,2.4,27.15
80,1572,5.1,6.2,25.1,26.7,24.6,9.9,2.4,27.15
3,1572,5.1,6.2,25.1,26.7,24.6,9.9,2.4,102.51
8,1572,5.1,6.2,25.1,26.7,24.6,9.9,2.4,102.51
26,1572,5.1,6.2,25.1,26.7,24.6,9.9,2.4,102.51
34,1572,5.1,6.2,25.1,26.7,24.6,9.9,2.4,102.51
43,1572,5.1,6.2,25.1,26.7,24.6,9.9,2.4,102.51
53,1572,5.1,6.2,25.1,26.7,24.6,9.9,2.4,102.51
71,1572,5.1,6.2,25.1,26.7,24.6,9.9,2.4,102.51
76,1572,5.1,6.2,25.1,26.7,24.6,9.9,2.4,102.51
80,1572,5.1,6.2,25.1,26.7,24.6,9.9,2.4,102.51
3,1572,5.1,6.2,25.1,26.7,24.6,9.9,2.4,134.01
8,1572,5.1,6.2,25.1,26.7,24.6,9.9,2.4,134.01
26,1572,5.1,6.2,25.1,26.7,24.6,9.9,2.4,134.01
34,1572,5.1,6.2,25.1,26.7,24.6,9.9,2.4,134.01
43,1572,5.1,6.2,25.1,26.7,24.6,9.9,2.4,134.01
53,1572,5.1,6.2,25.1,26.7,24.6,9.9,2.4,134.01
71,1572,5.1,6.2,25.1,26.7,24.6,9.9,2.4,134.01
76,1572,5.1,6.2,25.1,26.7,24.6,9.9,2.4,134.01
80,1572,5.1,6.2,25.1,26.7,24.6,9.9,2.4,134.01
3,1572,5.1,6.2,25.1,26.7,24.6,9.9,2.4,53.25
8,1572,5.1,6.2,25.1,26.7,24.6,9.9,2.4,53.25
26,1572,5.1,6.2,25.1,26.7,24.6,9.9,2.4,53.25
34,1572,5.1,6.2,25.1,26.7,24.6,9.9,2.4,53.25
43,1572,5.1,6.2,25.1,26.7,24.6,9.9,2.4,53.25
53,1572,5.1,6.2,25.1,26.7,24.6,9.9,2.4,53.25
71,1572,5.1,6.2,25.1,26.7,24.6,9.9,2.4,53.25
76,1572,5.1,6.2,25.1,26.7,24.6,9.9,2.4,53.25
80,1572,5.1,6.2,25.1,26.7,24.6,9.9,2.4,53.25
4,33762,8.2,3.8,19.7,27.4,27.8,11.6,1.5,35.0
9,33762,8.2,3.8,19.7,27.4,27.8,11.6,1.5,35.0
27,33762,8.2,3.8,19.7,27.4,27.8,11.6,1.5,35.0
35,33762,8.2,3.8,19.7,27.4,27.8,11.6,1.5,35.0
44,33762,8.2,3.8,19.7,27.4,27.8,11.6,1.5,35.0
54,33762,8.2,3.8,19.7,27.4,27.8,11.6,1.5,35.0
63,33762,8.2,3.8,19.7,27.4,27.8,11.6,1.5,35.0
72,33762,8.2,3.8,19.7,27.4,27.8,11.6,1.5,35.0
77,33762,8.2,3.8,19.7,27.4,27.8,11.6,1.5,35.0
81,33762,8.2,3.8,19.7,27.4,27.8,11.6,1.5,35.0
4,33762,8.2,3.8,19.7,27.4,27.8,11.6,1.5,49.0
9,33762,8.2,3.8,19.7,27.4,27.8,11.6,1.5,49.0
27,33762,8.2,3.8,19.7,27.4,27.8,11.6,1.5,49.0
35,33762,8.2,3.8,19.7,27.4,27.8,11.6,1.5,49.0
44,33762,8.2,3.8,19.7,27.4,27.8,11.6,1.5,49.0
54,33762,8.2,3.8,19.7,27.4,27.8,11.6,1.5,49.0
63,33762,8.2,3.8,19.7,27.4,27.8,11.6,1.5,49.0
72,33762,8.2,3.8,19.7,27.4,27.8,11.6,1.5,49.0
77,33762,8.2,3.8,19.7,27.4,27.8,11.6,1.5,49.0
81,33762,8.2,3.8,19.7,27.4,27.8,11.6,1.5,49.0
4,33762,8.2,3.8,19.7,27.4,27.8,11.6,1.5,31.0
9,33762,8.2,3.8,19.7,27.4,27.8,11.6,1.5,31.0
27,33762,8.2,3.8,19.7,27.4,27.8,11.6,1.5,31.0
35,33762,8.2,3.8,19.7,27.4,27.8,11.6,1.5,31.0
44,33762,8.2,3.8,19.7,27.4,27.8,11.6,1.5,31.0
54,33762,8.2,3.8,19.7,27.4,27.8,11.6,1.5,31.0
63,33762,8.2,3.8,19.7,27.4,27.8,11.6,1.5,31.0
72,33762,8.2,3.8,19.7,27.4,27.8,11.6,1.5,31.0
77,33762,8.2,3.8,19.7,27.4,27.8,11.6,1.5,31.0
81,33762,8.2,3.8,19.7,27.4,27.8,11.6,1.5,31.0
4,33762,8.2,3.8,19.7,27.4,27.8,11.6,1.5,25.0
9,33762,8.2,3.8,19.7,27.4,27.8,11.6,1.5,25.0
27,33762,8.2,3.8,19.7,27.4,27.8,11.6,1.5,25.0
35,33762,8.2,3.8,19.7,27.4,27.8,11.6,1.5,25.0
44,33762,8.2,3.8,19.7,27.4,27.8,11.6,1.5,25.0
54,33762,8.2,3.8,19.7,27.4,27.8,11.6,1.5,25.0
63,33762,8.2,3.8,19.7,27.4,27.8,11.6,1.5,25.0
72,33762,8.2,3.8,19.7,27.4,27.8,11.6,1.5,25.0
77,33762,8.2,3.8,19.7,27.4,27.8,11.6,1.5,25.0
81,33762,8.2,3.8,19.7,27.4,27.8,11.6,1.5,25.0
4,33762,8.2,3.8,19.7,27.4,27.8,11.6,1.5,41.0
9,33762,8.2,3.8,19.7,27.4,27.8,11.6,1.5,41.0
27,33762,8.2,3.8,19.7,27.4,27.8,11.6,1.5,41.0
35,33762,8.2,3.8,19.7,27.4,27.8,11.6,1.5,41.0
44,33762,8.2,3.8,19.7,27.4,27.8,11.6,1.5,41.0
54,33762,8.2,3.8,19.7,27.4,27.8,11.6,1.5,41.0
63,33762,8.2,3.8,19.7,27.4,27.8,11.6,1.5,41.0
72,33762,8.2,3.8,19.7,27.4,27.8,11.6,1.5,41.0
77,33762,8.2,3.8,19.7,27.4,27.8,11.6,1.5,41.0
81,33762,8.2,3.8,19.7,27.4,27.8,11.6,1.5,41.0
4,33762,8.2,3.8,19.7,27.4,27.8,11.6,1.5,29.0
9,33762,8.2,3.8,19.7,27.4,27.8,11.6,1.5,29.0
27,33762,8.2,3.8,19.7,27.4,27.8,11.6,1.5,29.0
35,33762,8.2,3.8,19.7,27.4,27.8,11.6,1.5,29.0
44,33762,8.2,3.8,19.7,27.4,27.8,11.6,1.5,29.0
54,33762,8.2,3.8,19.7,27.4,27.8,11.6,1.5,29.0
63,33762,8.2,3.8,19.7,27.4,27.8,11.6,1.5,29.0
72,33762,8.2,3.8,19.7,27.4,27.8,11.6,1.5,29.0
77,33762,8.2,3.8,19.7,27.4,27.8,11.6,1.5,29.0
81,33762,8.2,3.8,19.7,27.4,27.8,11.6,1.5,29.0
4,33762,8.2,3.8,19.7,27.4,27.8,11.6,1.5,25.0
9,33762,8.2,3.8,19.7,27.4,27.8,11.6,1.5,25.0
27,33762,8.2,3.8,19.7,27.4,27.8,11.6,1.5,25.0
35,33762,8.2,3.8,19.7,27.4,27.8,11.6,1.5,25.0
44,33762,8.2,3.8,19.7,27.4,27.8,11.6,1.5,25.0
54,33762,8.2,3.8,19.7,27.4,27.8,11.6,1.5,25.0
63,33762,8.2,3.8,19.7,27.4,27.8,11.6,1.5,25.0
72,33762,8.2,3.8,19.7,27.4,27.8,11.6,1.5,25.0
77,33762,8.2,3.8,19.7,27.4,27.8,11.6,1.5,25.0
81,33762,8.2,3.8,19.7,27.4,27.8,11.6,1.5,25.0
4,33762,8.2,3.8,19.7,27.4,27.8,11.6,1.5,36.0
9,33762,8.2,3.8,19.7,27.4,27.8,11.6,1.5,36.0
27,33762,8.2,3.8,19.7,27.4,27.8,11.6,1.5,36.0
35,33762,8.2,3.8,19.7,27.4,27.8,11.6,1.5,36.0
44,33762,8.2,3.8,19.7,27.4,27.8,11.6,1.5,36.0
54,33762,8.2,3.8,19.7,27.4,27.8,11.6,1.5,36.0
63,33762,8.2,3.8,19.7,27.4,27.8,11.6,1.5,36.0
72,33762,8.2,3.8,19.7,27.4,27.8,11.6,1.5,36.0
77,33762,8.2,3.8,19.7,27.4,27.8,11.6,1.5,36.0
81,33762,8.2,3.8,19.7,27.4,27.8,11.6,1.5,36.0
4,33762,8.2,3.8,19.7,27.4,27.8,11.6,1.5,63.0
9,33762,8.2,3.8,19.7,27.4,27.8,11.6,1.5,63.0
27,33762,8.2,3.8,19.7,27.4,27.8,11.6,1.5,63.0
35,33762,8.2,3.8,19.7,27.4,27.8,11.6,1.5,63.0
44,33762,8.2,3.8,19.7,27.4,27.8,11.6,1.5,63.0
54,33762,8.2,3.8,19.7,27.4,27.8,11.6,1.5,63.0
63,33762,8.2,3.8,19.7,27.4,27.8,11.6,1.5,63.0
72,33762,8.2,3.8,19.7,27.4,27.8,11.6,1.5,63.0
77,33762,8.2,3.8,19.7,27.4,27.8,11.6,1.5,63.0
81,33762,8.2,3.8,19.7,27.4,27.8,11.6,1.5,63.0
4,33762,8.2,3.8,19.7,27.4,27.8,11.6,1.5,49.0
9,33762,8.2,3.8,19.7,27.4,27.8,11.6,1.5,49.0
27,33762,8.2,3.8,19.7,27.4,27.8,11.6,1.5,49.0
35,33762,8.2,3.8,19.7,27.4,27.8,11.6,1.5,49.0
44,33762,8.2,3.8,19.7,27.4,27.8,11.6,1.5,49.0
54,33762,8.2,3.8,19.7,27.4,27.8,11.6,1.5,49.0
63,33762,8.2,3.8,19.7,27.4,27.8,11.6,1.5,49.0
72,33762,8.2,3.8,19.7,27.4,27.8,11.6,1.5,49.0
77,33762,8.2,3.8,19.7,27.4,27.8,11.6,1.5,49.0
81,33762,8.2,3.8,19.7,27.4,27.8,11.6,1.5,49.0
78,33864,28.5,4.2,13.9,32.5,13.7,5.8,1.4,47.23
79,4497,24.4,4.4,19.3,19.8,17.7,10.4,4.0,60.16
3,504,5.0,9.7,21.0,21.8,23.0,15.1,4.4,64.0
8,504,5.0,9.7,21.0,21.8,23.0,15.1,4.4,64.0
26,504,5.0,9.7,21.0,21.8,23.0,15.1,4.4,64.0
34,504,5.0,9.7,21.0,21.8,23.0,15.1,4.4,64.0
43,504,5.0,9.7,21.0,21.8,23.0,15.1,4.4,64.0
53,504,5.0,9.7,21.0,21.8,23.0,15.1,4.4,64.0
71,504,5.0,9.7,21.0,21.8,23.0,15.1,4.4,64.0
76,504,5.0,9.7,21.0,21.8,23.0,15.1,4.4,64.0
80,504,5.0,9.7,21.0,21.8,23.0,15.1,4.4,64.0
3,504,5.0,9.7,21.0,21.8,23.0,15.1,4.4,46.57
8,504,5.0,9.7,21.0,21.8,23.0,15.1,4.4,46.57
26,504,5.0,9.7,21.0,21.8,23.0,15.1,4.4,46.57
34,504,5.0,9.7,21.0,21.8,23.0,15.1,4.4,46.57
43,504,5.0,9.7,21.0,21.8,23.0,15.1,4.4,46.57
53,504,5.0,9.7,21.0,21.8,23.0,15.1,4.4,46.57
71,504,5.0,9.7,21.0,21.8,23.0,15.1,4.4,46.57
76,504,5.0,9.7,21.0,21.8,23.0,15.1,4.4,46.57
80,504,5.0,9.7,21.0,21.8,23.0,15.1,4.4,46.57
3,504,5.0,9.7,21.0,21.8,23.0,15.1,4.4,26.48
8,504,5.0,9.7,21.0,21.8,23.0,15.1,4.4,26.48
26,504,5.0,9.7,21.0,21.8,23.0,15.1,4.4,26.48
34,504,5.0,9.7,21.0,21.8,23.0,15.1,4.4,26.48
43,504,5.0,9.7,21.0,21.8,23.0,15.1,4.4,26.48
53,504,5.0,9.7,21.0,21.8,23.0,15.1,4.4,26.48
71,504,5.0,9.7,21.0,21.8,23.0,15.1,4.4,26.48
76,504,5.0,9.7,21.0,21.8,23.0,15.1,4.4,26.48
80,504,5.0,9.7,21.0,21.8,23.0,15.1,4.4,26.48
3,504,5.0,9.7,21.0,21.8,23.0,15.1,4.4,25.16
8,504,5.0,9.7,21.0,21.8,23.0,15.1,4.4,25.16
26,504,5.0,9.7,21.0,21.8,23.0,15.1,4.4,25.16
34,504,5.0,9.7,21.0,21.8,23.0,15.1,4.4,25.16
43,504,5.0,9.7,21.0,21.8,23.0,15.1,4.4,25.16
53,504,5.0,9.7,21.0,21.8,23.0,15.1,4.4,25.16
71,504,5.0,9.7,21.0,21.8,23.0,15.1,4.4,25.16
76,504,5.0,9.7,21.0,21.8,23.0,15.1,4.4,25.16
80,504,5.0,9.7,21.0,21.8,23.0,15.1,4.4,25.16
3,504,5.0,9.7,21.0,21.8,23.0,15.1,4.4,42.93
8,504,5.0,9.7,21.0,21.8,23.0,15.1,4.4,42.93
26,504,5.0,9.7,21.0,21.8,23.0,15.1,4.4,42.93
34,504,5.0,9.7,21.0,21.8,23.0,15.1,4.4,42.93
43,504,5.0,9.7,21.0,21.8,23.0,15.1,4.4,42.93
53,504,5.0,9.7,21.0,21.8,23.0,15.1,4.4,42.93
71,504,5.0,9.7,21.0,21.8,23.0,15.1,4.4,42.93
76,504,5.0,9.7,21.0,21.8,23.0,15.1,4.4,42.93
80,504,5.0,9.7,21.0,21.8,23.0,15.1,4.4,42.93
3,504,5.0,9.7,21.0,21.8,23.0,15.1,4.4,27.15
8,504,5.0,9.7,21.0,21.8,23.0,15.1,4.4,27.15
26,504,5.0,9.7,21.0,21.8,23.0,15.1,4.4,27.15
34,504,5.0,9.7,21.0,21.8,23.0,15.1,4.4,27.15
43,504,5.0,9.7,21.0,21.8,23.0,15.1,4.4,27.15
53,504,5.0,9.7,21.0,21.8,23.0,15.1,4.4,27.15
71,504,5.0,9.7,21.0,21.8,23.0,15.1,4.4,27.15
76,504,5.0,9.7,21.0,21.8,23.0,15.1,4.4,27.15
80,504,5.0,9.7,21.0,21.8,23.0,15.1,4.4,27.15
3,504,5.0,9.7,21.0,21.8,23.0,15.1,4.4,102.51
8,504,5.0,9.7,21.0,21.8,23.0,15.1,4.4,102.51
26,504,5.0,9.7,21.0,21.8,23.0,15.1,4.4,102.51
34,504,5.0,9.7,21.0,21.8,23.0,15.1,4.4,102.51
43,504,5.0,9.7,21.0,21.8,23.0,15.1,4.4,102.51
53,504,5.0,9.7,21.0,21.8,23.0,15.1,4.4,102.51
71,504,5.0,9.7,21.0,21.8,23.0,15.1,4.4,102.51
76,504,5.0,9.7,21.0,21.8,23.0,15.1,4.4,102.51
80,504,5.0,9.7,21.0,21.8,23.0,15.1,4.4,102.51
3,504,5.0,9.7,21.0,21.8,23.0,15.1,4.4,134.01
8,504,5.0,9.7,21.0,21.8,23.0,15.1,4.4,134.01
26,504,5.0,9.7,21.0,21.8,23.0,15.1,4.4,134.01
34,504,5.0,9.7,21.0,21.8,23.0,15.1,4.4,134.01
43,504,5.0,9.7,21.0,21.8,23.0,15.1,4.4,134.01
53,504,5.0,9.7,21.0,21.8,23.0,15.1,4.4,134.01
71,504,5.0,9.7,21.0,21.8,23.0,15.1,4.4,134.01
76,504,5.0,9.7,21.0,21.8,23.0,15.1,4.4,134.01
80,504,5.0,9.7,21.0,21.8,23.0,15.1,4.4,134.01
3,504,5.0,9.7,21.0,21.8,23.0,15.1,4.4,53.25
8,504,5.0,9.7,21.0,21.8,23.0,15.1,4.4,53.25
26,504,5.0,9.7,21.0,21.8,23.0,15.1,4.4,53.25
34,504,5.0,9.7,21.0,21.8,23.0,15.1,4.4,53.25
43,504,5.0,9.7,21.0,21.8,23.0,15.1,4.4,53.25
53,504,5.0,9.7,21.0,21.8,23.0,15.1,4.4,53.25
71,504,5.0,9.7,21.0,21.8,23.0,15.1,4.4,53.25
76,504,5.0,9.7,21.0,21.8,23.0,15.1,4.4,53.25
80,504,5.0,9.7,21.0,21.8,23.0,15.1,4.4,53.25
4,38865,27.7,4.3,14.6,30.9,14.3,6.4,1.8,35.0
9,38865,27.7,4.3,14.6,30.9,14.3,6.4,1.8,35.0
27,38865,27.7,4.3,14.6,30.9,14.3,6.4,1.8,35.0
35,38865,27.7,4.3,14.6,30.9,14.3,6.4,1.8,35.0
44,38865,27.7,4.3,14.6,30.9,14.3,6.4,1.8,35.0
54,38865,27.7,4.3,14.6,30.9,14.3,6.4,1.8,35.0
63,38865,27.7,4.3,14.6,30.9,14.3,6.4,1.8,35.0
72,38865,27.7,4.3,14.6,30.9,14.3,6.4,1.8,35.0
77,38865,27.7,4.3,14.6,30.9,14.3,6.4,1.8,35.0
81,38865,27.7,4.3,14.6,30.9,14.3,6.4,1.8,35.0
4,38865,27.7,4.3,14.6,30.9,14.3,6.4,1.8,49.0
9,38865,27.7,4.3,14.6,30.9,14.3,6.4,1.8,49.0
27,38865,27.7,4.3,14.6,30.9,14.3,6.4,1.8,49.0
35,38865,27.7,4.3,14.6,30.9,14.3,6.4,1.8,49.0
44,38865,27.7,4.3,14.6,30.9,14.3,6.4,1.8,49.0
54,38865,27.7,4.3,14.6,30.9,14.3,6.4,1.8,49.0
63,38865,27.7,4.3,14.6,30.9,14.3,6.4,1.8,49.0
72,38865,27.7,4.3,14.6,30.9,14.3,6.4,1.8,49.0
77,38865,27.7,4.3,14.6,30.9,14.3,6.4,1.8,49.0
81,38865,27.7,4.3,14.6,30.9,14.3,6.4,1.8,49.0
4,38865,27.7,4.3,14.6,30.9,14.3,6.4,1.8,31.0
9,38865,27.7,4.3,14.6,30.9,14.3,6.4,1.8,31.0
27,38865,27.7,4.3,14.6,30.9,14.3,6.4,1.8,31.0
35,38865,27.7,4.3,14.6,30.9,14.3,6.4,1.8,31.0
44,38865,27.7,4.3,14.6,30.9,14.3,6.4,1.8,31.0
54,38865,27.7,4.3,14.6,30.9,14.3,6.4,1.8,31.0
63,38865,27.7,4.3,14.6,30.9,14.3,6.4,1.8,31.0
72,38865,27.7,4.3,14.6,30.9,14.3,6.4,1.8,31.0
77,38865,27.7,4.3,14.6,30.9,14.3,6.4,1.8,31.0
81,38865,27.7,4.3,14.6,30.9,14.3,6.4,1.8,31.0
4,38865,27.7,4.3,14.6,30.9,14.3,6.4,1.8,25.0
9,38865,27.7,4.3,14.6,30.9,14.3,6.4,1.8,25.0
27,38865,27.7,4.3,14.6,30.9,14.3,6.4,1.8,25.0
35,38865,27.7,4.3,14.6,30.9,14.3,6.4,1.8,25.0
44,38865,27.7,4.3,14.6,30.9,14.3,6.4,1.8,25.0
54,38865,27.7,4.3,14.6,30.9,14.3,6.4,1.8,25.0
63,38865,27.7,4.3,14.6,30.9,14.3,6.4,1.8,25.0
72,38865,27.7,4.3,14.6,30.9,14.3,6.4,1.8,25.0
77,38865,27.7,4.3,14.6,30.9,14.3,6.4,1.8,25.0
81,38865,27.7,4.3,14.6,30.9,14.3,6.4,1.8,25.0
4,38865,27.7,4.3,14.6,30.9,14.3,6.4,1.8,41.0
9,38865,27.7,4.3,14.6,30.9,14.3,6.4,1.8,41.0
27,38865,27.7,4.3,14.6,30.9,14.3,6.4,1.8,41.0
35,38865,27.7,4.3,14.6,30.9,14.3,6.4,1.8,41.0
44,38865,27.7,4.3,14.6,30.9,14.3,6.4,1.8,41.0
54,38865,27.7,4.3,14.6,30.9,14.3,6.4,1.8,41.0
63,38865,27.7,4.3,14.6,30.9,14.3,6.4,1.8,41.0
72,38865,27.7,4.3,14.6,30.9,14.3,6.4,1.8,41.0
77,38865,27.7,4.3,14.6,30.9,14.3,6.4,1.8,41.0
81,38865,27.7,4.3,14.6,30.9,14.3,6.4,1.8,41.0
4,38865,27.7,4.3,14.6,30.9,14.3,6.4,1.8,29.0
9,38865,27.7,4.3,14.6,30.9,14.3,6.4,1.8,29.0
27,38865,27.7,4.3,14.6,30.9,14.3,6.4,1.8,29.0
35,38865,27.7,4.3,14.6,30.9,14.3,6.4,1.8,29.0
44,38865,27.7,4.3,14.6,30.9,14.3,6.4,1.8,29.0
54,38865,27.7,4.3,14.6,30.9,14.3,6.4,1.8,29.0
63,38865,27.7,4.3,14.6,30.9,14.3,6.4,1.8,29.0
72,38865,27.7,4.3,14.6,30.9,14.3,6.4,1.8,29.0
77,38865,27.7,4.3,14.6,30.9,14.3,6.4,1.8,29.0
81,38865,27.7,4.3,14.6,30.9,14.3,6.4,1.8,29.0
4,38865,27.7,4.3,14.6,30.9,14.3,6.4,1.8,25.0
9,38865,27.7,4.3,14.6,30.9,14.3,6.4,1.8,25.0
27,38865,27.7,4.3,14.6,30.9,14.3,6.4,1.8,25.0
35,38865,27.7,4.3,14.6,30.9,14.3,6.4,1.8,25.0
44,38865,27.7,4.3,14.6,30.9,14.3,6.4,1.8,25.0
54,38865,27.7,4.3,14.6,30.9,14.3,6.4,1.8,25.0
63,38865,27.7,4.3,14.6,30.9,14.3,6.4,1.8,25.0
72,38865,27.7,4.3,14.6,30.9,14.3,6.4,1.8,25.0
77,38865,27.7,4.3,14.6,30.9,14.3,6.4,1.8,25.0
81,38865,27.7,4.3,14.6,30.9,14.3,6.4,1.8,25.0
4,38865,27.7,4.3,14.6,30.9,14.3,6.4,1.8,36.0
9,38865,27.7,4.3,14.6,30.9,14.3,6.4,1.8,36.0
27,38865,27.7,4.3,14.6,30.9,14.3,6.4,1.8,36.0
35,38865,27.7,4.3,14.6,30.9,14.3,6.4,1.8,36.0
44,38865,27.7,4.3,14.6,30.9,14.3,6.4,1.8,36.0
54,38865,27.7,4.3,14.6,30.9,14.3,6.4,1.8,36.0
63,38865,27.7,4.3,14.6,30.9,14.3,6.4,1.8,36.0
72,38865,27.7,4.3,14.6,30.9,14.3,6.4,1.8,36.0
77,38865,27.7,4.3,14.6,30.9,14.3,6.4,1.8,36.0
81,38865,27.7,4.3,14.6,30.9,14.3,6.4,1.8,36.0
4,38865,27.7,4.3,14.6,30.9,14.3,6.4,1.8,63.0
9,38865,27.7,4.3,14.6,30.9,14.3,6.4,1.8,63.0
27,38865,27.7,4.3,14.6,30.9,14.3,6.4,1.8,63.0
35,38865,27.7,4.3,14.6,30.9,14.3,6.4,1.8,63.0
44,38865,27.7,4.3,14.6,30.9,14.3,6.4,1.8,63.0
54,38865,27.7,4.3,14.6,30.9,14.3,6.4,1.8,63.0
63,38865,27.7,4.3,14.6,30.9,14.3,6.4,1.8,63.0
72,38865,27.7,4.3,14.6,30.9,14.3,6.4,1.8,63.0
77,38865,27.7,4.3,14.6,30.9,14.3,6.4,1.8,63.0
81,38865,27.7,4.3,14.6,30.9,14.3,6.4,1.8,63.0
4,38865,27.7,4.3,14.6,30.9,14.3,6.4,1.8,49.0
9,38865,27.7,4.3,14.6,30.9,14.3,6.4,1.8,49.0
27,38865,27.7,4.3,14.6,30.9,14.3,6.4,1.8,49.0
35,38865,27.7,4.3,14.6,30.9,14.3,6.4,1.8,49.0
44,38865,27.7,4.3,14.6,30.9,14.3,6.4,1.8,49.0
54,38865,27.7,4.3,14.6,30.9,14.3,6.4,1.8,49.0
63,38865,27.7,4.3,14.6,30.9,14.3,6.4,1.8,49.0
72,38865,27.7,4.3,14.6,30.9,14.3,6.4,1.8,49.0
77,38865,27.7,4.3,14.6,30.9,14.3,6.4,1.8,49.0
81,38865,27.7,4.3,14.6,30.9,14.3,6.4,1.8,49.0
82,1142,0.0,0.0,28.6,14.3,0.0,14.3,42.9,4.0
